user_id,reranked_cosine_rec
1,"[1004906, 877391, 9527558, 5577022, 856942]"
3,"[1106523, 904777, 965766, 907631, 1092937]"
6,"[1024306, 1004906, 1029743, 1070820, 1108094]"
7,"[1106523, 1126899, 9338009, 10285022, 1122358]"
8,"[1106523, 1029743, 909269, 1004906, 916122]"
9,"[9297474, 1029743, 1135468, 1070820, 5569230]"
13,"[14025593, 1029743, 13512204, 1106523, 1038985]"
14,"[1029743, 13876901, 902377, 1123106, 1025611]"
15,"[1029743, 13073175, 1098248, 1070820, 1026118]"
16,"[13007710, 1029743, 1106523, 1070820, 1126899]"
18,"[834022, 1118878, 1134483, 1022066, 870929]"
19,"[1029743, 1106523, 1068719, 5592931, 916122]"
20,"[1126899, 5592931, 901772, 1075368, 944454]"
22,"[1082185, 13115981, 1070820, 1010578, 995965]"
23,"[1029743, 1051468, 1075368, 1034176, 907647]"
24,"[15926887, 15926638, 15926844, 1106523, 1132771]"
25,"[13008065, 13213122, 1106523, 1029743, 9526431]"
26,"[1029743, 1132771, 1083043, 1097280, 1025611]"
27,"[1102416, 1029252, 963686, 1101589, 883186]"
28,"[6533911, 6534881, 5996184, 8090546, 916122]"
29,"[860248, 978077, 1050851, 930283, 5568378]"
30,"[6534480, 1029743, 910473, 918046, 1075368]"
31,"[1070820, 1126899, 896085, 5569471, 5569230]"
32,"[1137484, 1094924, 944836, 1068291, 950463]"
33,"[1106523, 986912, 1059902, 1025611, 1002418]"
34,"[1081177, 1029743, 1106523, 909268, 7168058]"
35,"[846823, 1029743, 909472, 7139529, 13841744]"
36,"[1024306, 1029743, 7409970, 862725, 865705]"
37,"[1106523, 1073120, 960318, 847962, 840634]"
39,"[1126899, 6602697, 5568249, 5569374, 916122]"
40,"[1083043, 1055504, 1112205, 913210, 6034857]"
41,"[1126899, 6961848, 1120009, 1019443, 5569376]"
42,"[6602697, 829621, 5995177, 1031087, 943522]"
43,"[1029743, 1106523, 1070820, 13213124, 13213082]"
46,"[1029743, 1121360, 1098844, 882247, 1106271]"
47,"[8119103, 911311, 8119318, 6534077, 5569230]"
49,"[1029743, 1070820, 1004906, 901067, 1074333]"
52,"[1072437, 1106523, 1056740, 993592, 1060408]"
53,"[5569471, 1038985, 6034857, 859427, 1110111]"
55,"[871756, 15596872, 1116589, 988791, 902238]"
56,"[1004906, 900586, 967994, 9803545, 15716671]"
57,"[986912, 1105917, 9487553, 916122, 883932]"
58,"[1106523, 1029743, 1070820, 5569471, 5569230]"
59,"[10457471, 1056509, 6034857, 1081177, 898121]"
62,"[878996, 5568378, 1004906, 909714, 880150]"
64,"[1106523, 949023, 1013928, 7410335, 1074333]"
65,"[1029743, 1070820, 871722, 986912, 1004001]"
67,"[13417761, 1029743, 1139782, 983507, 965530]"
68,"[1101010, 1029743, 1068719, 9526537, 1075470]"
69,"[5592931, 1106523, 1029743, 6602697, 1004906]"
70,"[916122, 844179, 1044078, 880150, 1029743]"
71,"[1029743, 1008288, 1056509, 1116020, 916122]"
72,"[1070820, 991874, 978906, 938596, 1005274]"
75,"[857503, 863447, 880150, 1037840, 909714]"
77,"[1106523, 1126899, 955921, 849578, 6979128]"
78,"[1082185, 6773232, 952972, 835098, 9419470]"
79,"[849697, 1070820, 1103513, 13213604, 916122]"
80,"[1129610, 15830972, 1132771, 1055504, 969866]"
81,"[1029743, 898847, 1093413, 993838, 971922]"
82,"[819308, 1084036, 12599756, 12810464, 12262978]"
83,"[1059902, 940731, 1048257, 9575582, 830608]"
84,"[903529, 10355779, 868131, 843339, 944139]"
85,"[1139782, 938596, 849578, 1075368, 1083446]"
86,"[1135195, 5569376, 879699, 820301, 865026]"
87,"[1030755, 976293, 1008820, 6391089, 1048257]"
88,"[1029743, 1082990, 929018, 1075368, 952972]"
91,"[13007507, 1000148, 1029743, 6602697, 906449]"
92,"[845208, 1126899, 1104343, 6391080, 12987975]"
94,"[968363, 849578, 1029743, 985889, 908408]"
95,"[1085229, 1029743, 824605, 900586, 976199]"
97,"[1106523, 976199, 1075368, 13416783, 947798]"
98,"[1091858, 978974, 847241, 974204, 901656]"
99,"[1029743, 1089021, 1071759, 916993, 916122]"
101,"[12731432, 1106523, 1070820, 1056509, 5569471]"
103,"[908314, 1029743, 1106523, 1027168, 1079228]"
104,"[1029743, 1048299, 1098844, 1024306, 919534]"
105,"[1106523, 965766, 845774, 982955, 8067128]"
106,"[8090509, 916122, 1138487, 1048257, 943223]"
109,"[1126899, 824272, 1046816, 10456346, 893018]"
110,"[1106523, 899624, 844179, 1081177, 8090537]"
111,"[1106523, 975215, 5568802, 909268, 1000269]"
112,"[5569471, 933835, 8019748, 1004857, 839248]"
113,"[1119112, 1070820, 947427, 13115914, 976199]"
114,"[1074775, 1029743, 1070820, 948670, 5568732]"
115,"[1108894, 963971, 1106523, 12582055, 1053489]"
116,"[1019637, 1014732, 1104343, 916122, 1029743]"
117,"[852182, 852360, 1126899, 12731432, 854852]"
118,"[13381584, 1083043, 1060388, 1048257, 891415]"
119,"[1029743, 1111722, 871722, 998557, 1116770]"
121,"[1029743, 5568378, 934639, 1122358, 844179]"
122,"[1116635, 1086119, 1118264, 898867, 1104647]"
123,"[1029743, 1070820, 1126899, 1056509, 916122]"
124,"[957063, 892531, 1131344, 1051989, 835098]"
125,"[1029743, 1070820, 1126899, 1121694, 6546065]"
127,"[839243, 1029743, 1106523, 1075368, 1026118]"
128,"[1082185, 12263857, 9420337, 901062, 1098248]"
131,"[1029743, 847207, 8090537, 948670, 1117602]"
132,"[1126899, 5565784, 870428, 1111732, 986912]"
133,"[1029743, 1062002, 872137, 1132771, 5569230]"
135,"[918150, 883202, 1036930, 897954, 944249]"
138,"[1098844, 1070820, 951590, 1108168, 1101010]"
139,"[8181048, 1126899, 1134006, 1005898, 5569230]"
142,"[1013826, 1012315, 895257, 1082212, 997011]"
143,"[1029743, 1106523, 883068, 1016276, 5590765]"
151,"[963365, 948086, 1029743, 976199, 1105917]"
153,"[1006063, 1122358, 916122, 897954, 981103]"
156,"[1029743, 894570, 982790, 1070820, 934369]"
157,"[1070820, 1126899, 995965, 5569230, 8090537]"
158,"[1128240, 997423, 12731714, 830783, 1094924]"
159,"[1106523, 1068719, 1131344, 846823, 893018]"
160,"[873139, 986912, 1060318, 997423, 1101010]"
161,"[13382308, 976199, 963971, 5569230, 898867]"
162,"[1060388, 1029743, 1070820, 13115501, 1122358]"
164,"[1106523, 1029743, 5592931, 957736, 970605]"
166,"[951590, 1029743, 1106523, 1075368, 1101010]"
171,"[1029743, 1106523, 916122, 863885, 6551861]"
172,"[891632, 12263857, 1048746, 1053329, 829722]"
178,"[1106523, 9837394, 963686, 1116376, 933835]"
183,"[819840, 1106523, 1128240, 15830972, 5568378]"
184,"[896085, 6534229, 848319, 6534333, 1004390]"
185,"[1029743, 1068719, 839243, 1038985, 1056509]"
187,"[7410335, 1103808, 1029743, 1106523, 832678]"
188,"[1106523, 1051283, 1056509, 832678, 983584]"
191,"[10342101, 8019748, 8019233, 6632283, 1029743]"
192,"[1029743, 1082212, 1056509, 5569230, 9245106]"
193,"[1029743, 1106523, 904435, 8090537, 899459]"
194,"[845208, 1051468, 8019649, 982449, 951412]"
196,"[1106523, 15926638, 12301100, 916122, 933835]"
197,"[821134, 951590, 1126899, 965766, 856252]"
198,"[1029743, 1106523, 835098, 899624, 1118946]"
199,"[863447, 824305, 1029743, 1082212, 1106523]"
200,"[1038985, 7409970, 928263, 883202, 12731714]"
201,"[12427353, 1106523, 1029743, 838186, 6034857]"
203,"[1029743, 1070820, 1009187, 901776, 1082990]"
204,"[1110779, 1070820, 1043338, 970160, 6602590]"
205,"[1082185, 1026118, 1106523, 819840, 1068292]"
208,"[917485, 1106523, 1070820, 885290, 991546]"
209,"[1029743, 1126899, 1132771, 1038985, 5592931]"
210,"[1106523, 844179, 1109805, 1051323, 1038985]"
211,"[962229, 998444, 945662, 844179, 907099]"
212,"[1029743, 952972, 832442, 8090521, 854852]"
214,"[6602270, 901062, 1019643, 1016785, 934399]"
215,"[879699, 1011920, 916993, 938300, 1046562]"
216,"[9420183, 857550, 1090676, 1075277, 898867]"
217,"[7441668, 895930, 986912, 12731714, 992897]"
218,"[1077133, 894439, 993430, 5589662, 13073175]"
219,"[1010578, 15830972, 879504, 1135834, 883912]"
220,"[951590, 1029743, 899682, 890610, 1006184]"
221,"[15926886, 1130452, 12427353, 12757140, 6424464]"
222,"[952568, 1135195, 847066, 916122, 1004906]"
224,"[1106523, 850925, 12731517, 1056509, 1037840]"
225,"[1029743, 897954, 1020404, 933067, 998119]"
226,"[933067, 1029743, 944139, 1037840, 1102416]"
227,"[840732, 1125391, 996009, 5995939, 954424]"
228,"[1126899, 854754, 1139782, 1134810, 5569471]"
230,"[1029743, 896974, 1004906, 1021116, 1124695]"
232,"[1029743, 1014388, 1006483, 1049922, 1041531]"
233,"[1073960, 859427, 1081177, 6034857, 1128016]"
235,"[1070820, 1123434, 1121384, 1128016, 976199]"
236,"[1126899, 944929, 1121384, 5569471, 5569230]"
239,"[910374, 850925, 1101010, 1106523, 946793]"
242,"[1029743, 971270, 1089025, 854852, 1134882]"
243,"[1126899, 909714, 901062, 888586, 1071446]"
244,"[929018, 1004906, 1119112, 926959, 5568378]"
245,"[12731517, 1132771, 1029743, 1106523, 947858]"
246,"[1029743, 1082212, 1070820, 1065061, 1006483]"
247,"[986912, 9419487, 905636, 868430, 845208]"
248,"[1126899, 1029743, 1093113, 12263842, 915064]"
249,"[1029743, 1106523, 839243, 965766, 844179]"
250,"[1029743, 13416117, 923169, 904777, 1110244]"
251,"[1029743, 1070820, 984680, 1075368, 1040807]"
253,"[1106523, 1037089, 832678, 5568378, 8019748]"
254,"[990797, 5568378, 865511, 916122, 1029743]"
256,"[9655242, 1060193, 976214, 13417853, 957736]"
257,"[1093413, 988697, 1106523, 1029743, 835578]"
258,"[1029743, 1070820, 1126899, 1048257, 1041796]"
259,"[1087605, 940947, 13039578, 926006, 1062128]"
260,"[971922, 859427, 1029743, 1106523, 849202]"
262,"[1101010, 1124971, 7025326, 1040807, 982955]"
263,"[1029743, 991546, 870111, 843111, 937928]"
266,"[1126899, 824305, 9365106, 916122, 911388]"
267,"[901976, 1029743, 1075368, 1106523, 5569230]"
268,"[834952, 1051283, 997479, 9297474, 5569230]"
269,"[1009361, 1139782, 12731544, 830608, 938596]"
271,"[986912, 1029743, 1009977, 849202, 1129049]"
273,"[9368262, 1106523, 6979579, 856818, 990869]"
274,"[986912, 981493, 916122, 1029743, 1106523]"
275,"[819927, 1106523, 918638, 982000, 920962]"
276,"[1029743, 1056267, 1089766, 985893, 960318]"
278,"[1138443, 1124971, 965766, 1070845, 844179]"
280,"[1106523, 999270, 978376, 12731544, 924006]"
281,"[1070820, 1093490, 999104, 934399, 823775]"
282,"[1029743, 998557, 12524067, 938118, 957736]"
283,"[1138443, 1070820, 1072437, 990797, 901776]"
285,"[1029743, 12262978, 13213124, 1013389, 12349850]"
286,"[5569230, 845208, 901062, 1081177, 13417588]"
287,"[1106523, 10204543, 10204440, 10204149, 10198378]"
288,"[1082185, 1026118, 1070820, 6534201, 970160]"
289,"[945662, 13071902, 998444, 7129172, 909714]"
290,"[12731621, 1029743, 1068719, 857605, 1108168]"
291,"[1106523, 911311, 5592931, 838186, 832678]"
292,"[1106523, 1013928, 864335, 10204543, 1043920]"
294,"[1106523, 832661, 12811532, 9245108, 1048068]"
297,"[1029743, 1058629, 899624, 1075368, 844179]"
300,"[1106523, 1029743, 944534, 871756, 1105917]"
301,"[1029743, 9527323, 12757280, 9419487, 878222]"
302,"[10344586, 988791, 907631, 5569230, 8019902]"
303,"[1029743, 1004906, 5585510, 9487613, 982790]"
304,"[873627, 1029743, 1106523, 6979753, 933067]"
305,"[885290, 934172, 8090532, 1005274, 1054567]"
306,"[1058633, 838940, 1029743, 1101010, 1056509]"
307,"[1106348, 1074040, 1019637, 1065259, 1114653]"
308,"[6904613, 1075277, 12385588, 898867, 1011920]"
314,"[1106523, 1029743, 1130858, 820486, 844179]"
316,"[1131344, 5592931, 1138443, 1094744, 825365]"
317,"[842783, 1102003, 1029743, 13842100, 849870]"
321,"[1126899, 1048257, 976114, 846045, 986912]"
324,"[975431, 1070820, 13189981, 9526100, 901062]"
325,"[1029743, 916993, 1048257, 5569471, 9829661]"
326,"[1013928, 1037840, 8090521, 8090537, 1075368]"
328,"[885290, 1070820, 1132771, 1048257, 979707]"
329,"[5588596, 934369, 1029743, 819927, 854852]"
332,"[1029743, 1070820, 1056267, 976199, 1105917]"
334,"[1082185, 1029743, 1106523, 896085, 1056509]"
338,"[1082185, 6979393, 1026118, 13002975, 1029743]"
339,"[1106523, 5592931, 896085, 1056509, 888988]"
342,"[1029743, 1070820, 1082212, 938554, 1055504]"
343,"[5995853, 1034511, 1092933, 5569230, 1036347]"
345,"[1029743, 5592931, 1068719, 6602697, 1132771]"
346,"[1029743, 907625, 1037863, 1101010, 986912]"
347,"[1110409, 823990, 1042907, 823775, 944486]"
348,"[845208, 1029743, 986912, 899624, 1068719]"
349,"[824305, 907099, 5569230, 5569471, 8090537]"
350,"[1106523, 885697, 9833277, 986912, 898867]"
351,"[1106523, 1077133, 894439, 8249459, 865456]"
353,"[944139, 1082212, 1134810, 899624, 848471]"
354,"[1106523, 7466946, 988913, 1101010, 6944882]"
356,"[1029743, 986912, 1049735, 947798, 6904858]"
357,"[1122358, 1126899, 916122, 880150, 1056509]"
358,"[957232, 1106523, 5569230, 1004906, 844179]"
361,"[1106523, 1082212, 1127025, 12132315, 6533936]"
362,"[986912, 12731714, 1112825, 1056509, 1050851]"
364,"[1106523, 844179, 916122, 5569230, 899624]"
365,"[12262978, 907647, 986912, 956672, 1136719]"
367,"[883912, 1070820, 9420183, 1138443, 934399]"
369,"[989409, 1126899, 878996, 871756, 831557]"
371,"[1029743, 954102, 907625, 1016709, 5569471]"
374,"[1029743, 1026118, 916122, 1037840, 1004906]"
375,"[6464165, 1029743, 5568378, 1106523, 5569230]"
376,"[12949590, 937292, 965766, 1044078, 896862]"
377,"[1039672, 1029743, 1138443, 1126899, 1112825]"
378,"[948670, 874972, 9859060, 916990, 1138596]"
380,"[951590, 1106523, 965766, 935646, 854852]"
381,"[1075368, 1029743, 1070820, 1056509, 1122358]"
383,"[1126899, 971983, 842630, 916122, 8090513]"
384,"[1061394, 1068957, 1126899, 1075368, 944139]"
385,"[1126899, 856252, 1122358, 1124971, 1087102]"
386,"[1029743, 1106523, 12757140, 1083787, 899201]"
387,"[1126899, 9338009, 933835, 878775, 8090536]"
388,"[1106523, 1029743, 1079338, 9884698, 1006184]"
389,"[1126899, 921836, 891632, 848319, 916122]"
390,"[1029743, 1064542, 1058243, 1040807, 888543]"
392,"[15972790, 1041512, 1048299, 9420183, 940947]"
393,"[1029743, 1013928, 820486, 1031316, 963686]"
394,"[1026118, 1029743, 1070820, 986912, 948670]"
395,"[1029743, 1070820, 906844, 5568378, 988202]"
396,"[1131384, 1126899, 1075368, 880427, 5569230]"
397,"[851569, 1015280, 1029743, 1126899, 6904613]"
398,"[1029743, 929018, 1037840, 893018, 1036347]"
400,"[1029743, 1056509, 1037840, 1118046, 907099]"
401,"[942166, 841469, 986912, 6602697, 5592931]"
402,"[853448, 1029743, 1106523, 1006483, 819978]"
404,"[971983, 966778, 889863, 835296, 992986]"
405,"[1101010, 948670, 1029743, 845208, 916122]"
406,"[1029743, 1070820, 917438, 1081177, 5575861]"
409,"[1070820, 916122, 836286, 5569471, 1128016]"
410,"[1029743, 862335, 948650, 5569230, 9835619]"
411,"[1106523, 1029743, 911974, 1137507, 1139782]"
412,"[986912, 844179, 1038745, 1139569, 1005274]"
413,"[1082185, 1106523, 986912, 1038985, 970160]"
414,"[1029743, 1106523, 1082212, 1117690, 916122]"
417,"[1082185, 1029743, 903800, 976199, 844179]"
418,"[979439, 1029743, 1070820, 852360, 990688]"
420,"[1029743, 1106523, 909714, 995965, 1027068]"
421,"[1029743, 1070820, 1126899, 986912, 1031864]"
425,"[1029743, 1106523, 1070820, 1048332, 1037332]"
426,"[1013307, 899682, 1011926, 1070820, 14106445]"
427,"[1082185, 1029743, 1058185, 1102416, 1029252]"
430,"[1042571, 1106523, 1029743, 1070820, 7441478]"
432,"[1029743, 916122, 1075368, 5569230, 1013928]"
433,"[1082185, 1106523, 849003, 925862, 5568378]"
434,"[5568378, 1058214, 1105917, 940947, 1044078]"
435,"[1029743, 1106523, 1126899, 1070820, 5568378]"
437,"[1106523, 1029743, 1103898, 948670, 917033]"
438,"[1070820, 951590, 1011736, 6034857, 13115894]"
441,"[6961678, 1124971, 9552761, 1019247, 1038985]"
442,"[1126899, 1011926, 916122, 1117514, 863447]"
443,"[1106523, 1070820, 976199, 6602697, 1051516]"
446,"[1029743, 1106523, 1136719, 1075368, 1126899]"
447,"[1029743, 1072298, 1041796, 1081177, 896862]"
449,"[823990, 1054567, 7168383, 1034176, 1029743]"
450,"[1093413, 917438, 986912, 1024051, 933835]"
451,"[1068292, 1026118, 1029743, 999189, 934639]"
454,"[1082185, 1029743, 1026118, 1004906, 899624]"
457,"[7410335, 957063, 911311, 1029743, 1106523]"
458,"[1126899, 916993, 901776, 859987, 828588]"
459,"[986912, 863762, 885290, 1029743, 1106523]"
460,"[916122, 1040861, 1029743, 824305, 1106523]"
461,"[1029743, 1050851, 819308, 897954, 1106523]"
462,"[1029743, 1011926, 1105917, 955921, 1063578]"
463,"[1082185, 1106523, 1036093, 909067, 12811532]"
464,"[1029743, 9858847, 865511, 856252, 8090537]"
466,"[12810464, 1068719, 1101706, 1029743, 1094744]"
467,"[1106523, 1112205, 899624, 8090537, 1025611]"
468,"[1029743, 1106523, 1131506, 1122358, 907625]"
469,"[16100266, 1070820, 12731436, 5568860, 884344]"
470,"[908314, 12811532, 986596, 1106348, 962229]"
471,"[1106523, 999104, 986912, 934399, 1029272]"
474,"[1029743, 1103105, 969039, 940731, 950206]"
477,"[12731432, 941307, 1068719, 1029743, 1106523]"
479,"[1106523, 1138443, 965766, 1068719, 893018]"
480,"[854754, 1070820, 1005456, 976199, 1001827]"
482,"[1106523, 943522, 1119784, 1121527, 965766]"
483,"[1106523, 1068292, 5568721, 1122358, 9575330]"
484,"[1070820, 976199, 1006483, 836548, 878775]"
485,"[1029743, 15926863, 910151, 915874, 957736]"
487,"[9526239, 1075368, 8090537, 8090521, 1029743]"
489,"[939527, 986912, 1138443, 837569, 1019247]"
491,"[838940, 1126899, 9676938, 6533936, 9858847]"
493,"[1026531, 1029743, 1068719, 819927, 1087106]"
495,"[1029743, 1106523, 9676938, 1103105, 872137]"
497,"[976199, 1037332, 965530, 8273833, 8293447]"
502,"[1029743, 1063167, 893018, 1068292, 1004906]"
503,"[1070820, 971983, 842698, 835296, 947875]"
505,"[844179, 916122, 962991, 986912, 1029743]"
506,"[1007259, 987734, 10456568, 1063577, 956067]"
507,"[1126899, 916122, 893701, 5568378, 1127716]"
508,"[895930, 1101010, 10355779, 5569230, 846823]"
510,"[1029743, 1070820, 929018, 1112205, 854852]"
511,"[1029743, 986912, 6904467, 1116635, 1081177]"
513,"[1117690, 1132771, 1093413, 1097635, 865026]"
514,"[1130877, 1072437, 923169, 1062002, 909714]"
515,"[1106523, 5592931, 1004906, 9487553, 5569230]"
517,"[1126899, 1081177, 1060408, 1116741, 872137]"
518,"[1106523, 1090676, 1101010, 952408, 1056509]"
520,"[1106523, 1029743, 1101010, 835098, 1104343]"
521,"[12517450, 819840, 1106523, 1137688, 878996]"
523,"[1029743, 904815, 970861, 10204830, 898121]"
524,"[1082185, 1106523, 1062002, 884089, 999104]"
525,"[1124971, 883003, 824305, 1104343, 12171656]"
526,"[998008, 1029743, 1135834, 1131634, 882604]"
527,"[1131321, 13190349, 901205, 12987976, 1031087]"
534,"[832678, 986912, 1106523, 1029743, 1070820]"
537,"[1128163, 1116635, 1126899, 1091090, 1124971]"
538,"[15972790, 1098844, 1082212, 1070820, 5564898]"
539,"[1070702, 878715, 1029743, 1106523, 5592931]"
540,"[12525244, 841016, 15830451, 13513126, 15625746]"
542,"[1106523, 1029743, 1082990, 1075368, 856687]"
543,"[820486, 822517, 991761, 974179, 857176]"
545,"[986912, 1125943, 1040807, 1006063, 1129610]"
548,"[885406, 976199, 998549, 911311, 916122]"
550,"[819308, 917438, 835098, 1029743, 1106523]"
552,"[1106523, 1069039, 916122, 899624, 907631]"
553,"[951590, 1029743, 916463, 1135834, 1017254]"
554,"[1069103, 1106523, 1070820, 1120970, 1046638]"
557,"[1112766, 1126899, 897954, 847186, 878996]"
558,"[1106523, 883932, 896862, 933067, 893018]"
560,"[1029743, 1012701, 1004906, 835619, 5569230]"
562,"[1029743, 871337, 888988, 5569230, 854852]"
564,"[1018316, 925862, 1020208, 1091090, 985889]"
567,"[10456164, 1106523, 1138443, 986912, 996891]"
568,"[1106523, 1029743, 951190, 1099905, 890695]"
569,"[1029743, 999104, 1092303, 921406, 6904613]"
570,"[1029743, 938596, 9676938, 848029, 956672]"
574,"[1029743, 889509, 982955, 826952, 1083446]"
575,"[1106523, 869728, 9655528, 9858847, 8019233]"
577,"[1056509, 6039687, 9297309, 5564876, 1070820]"
578,"[942166, 8118708, 15717115, 1006483, 847207]"
579,"[6534201, 1029743, 1075368, 1106523, 5569397]"
580,"[1041796, 917438, 1056509, 1106523, 1029743]"
581,"[1029743, 1070820, 1126899, 1014831, 5569230]"
582,"[1024306, 1029743, 5569230, 5569471, 8090546]"
586,"[1029743, 937928, 980666, 906335, 1021116]"
587,"[1114653, 1029743, 887503, 1106523, 916122]"
588,"[1106523, 1004906, 933835, 5569230, 12517411]"
590,"[1106523, 899624, 965766, 844179, 5569230]"
591,"[1106523, 933067, 854852, 6034569, 9245106]"
593,"[1029743, 1106523, 1059902, 5592931, 1070820]"
594,"[1029743, 1106523, 957232, 995965, 1049922]"
595,"[1022152, 1106523, 1029743, 1013389, 873847]"
596,"[12731621, 1106523, 9333734, 1081177, 1084036]"
598,"[1106523, 1029743, 1046919, 976199, 916122]"
600,"[1029743, 16729415, 13842100, 12262978, 5569471]"
602,"[1029743, 1126899, 15926844, 944139, 1021116]"
603,"[1106523, 1029743, 910673, 836445, 844179]"
604,"[7441668, 1070820, 13213433, 883932, 1060318]"
605,"[1106523, 1126899, 1027372, 965772, 948670]"
606,"[1029743, 845208, 1026118, 970160, 916122]"
608,"[1106523, 6979753, 1038462, 863762, 1013928]"
609,"[1106523, 938596, 903529, 1038985, 1122358]"
611,"[1029743, 6534201, 1038985, 1065979, 6534030]"
612,"[1029743, 1078763, 5568378, 5569230, 5592931]"
614,"[1029743, 927508, 965766, 952408, 1138443]"
615,"[883003, 971922, 878996, 901062, 1075368]"
617,"[837569, 12810393, 1126899, 1070820, 854852]"
618,"[1106523, 1070820, 1101010, 835098, 13876640]"
621,"[1101010, 1112825, 13506200, 896085, 971474]"
622,"[1106523, 6442908, 965766, 986912, 1006664]"
623,"[1029743, 1101010, 896974, 934427, 1108168]"
624,"[1106523, 5592931, 1056509, 916122, 899624]"
630,"[12731432, 1070820, 12810391, 1106271, 1138631]"
631,"[829722, 938319, 1131574, 899682, 839485]"
632,"[1029743, 1070820, 870929, 916122, 844179]"
633,"[1016421, 1106523, 1029743, 1002787, 1075368]"
636,"[1029743, 1106523, 1096905, 13115914, 5592931]"
637,"[1106523, 1103105, 1043494, 883186, 1037840]"
638,"[1029743, 7139529, 1016709, 1004906, 887503]"
641,"[12731432, 1070820, 1126899, 1104349, 916993]"
644,"[9297062, 5569471, 901776, 916122, 1005274]"
647,"[1029743, 1006184, 8090537, 8090521, 916122]"
648,"[1026118, 10457590, 901253, 916993, 1037332]"
650,"[901062, 857503, 854852, 1081177, 5568378]"
652,"[820486, 1065061, 831587, 890610, 974179]"
653,"[1029743, 963971, 1132231, 1056509, 977559]"
654,"[845208, 1138443, 1120928, 896974, 1040807]"
655,"[5569230, 916122, 857016, 995628, 1125123]"
658,"[1029743, 895930, 862725, 5592931, 6534035]"
659,"[925862, 938596, 9676938, 1104349, 9676851]"
660,"[1126899, 1019247, 823775, 999104, 872137]"
661,"[936110, 927860, 1055403, 997415, 13158064]"
662,"[1029743, 905636, 1103105, 1070272, 907631]"
663,"[1082185, 1106523, 896974, 1036486, 5565925]"
665,"[922561, 1029743, 1106523, 1131344, 1038985]"
666,"[1106523, 12523928, 1041796, 957232, 957063]"
667,"[1101932, 12946027, 6463729, 845208, 1127758]"
668,"[1126899, 5569471, 6533936, 844179, 940947]"
669,"[1082185, 1126899, 1098844, 1010185, 880427]"
670,"[1029743, 885406, 867138, 848319, 12263857]"
671,"[1056509, 1029743, 949151, 843259, 879504]"
672,"[839243, 916993, 12949590, 899624, 860703]"
673,"[6533182, 1068719, 1082185, 5563934, 1029743]"
674,"[1029743, 1068719, 6602697, 1122358, 1004906]"
675,"[1106523, 1004906, 12132315, 893018, 985055]"
676,"[1106523, 1060872, 899624, 832678, 1108131]"
680,"[924978, 832442, 844179, 1060193, 854852]"
681,"[1126899, 1134483, 890695, 856252, 1102003]"
684,"[1106523, 929018, 999779, 896974, 825365]"
685,"[1101010, 1015539, 1097398, 952972, 1038985]"
687,"[951590, 1029743, 1106523, 1098844, 6534035]"
690,"[1029743, 896085, 835098, 1084036, 880150]"
691,"[1070820, 923169, 1127470, 960613, 5569471]"
692,"[9526100, 1135834, 865026, 1024306, 1019643]"
693,"[1029743, 1070820, 1019247, 1044188, 1122358]"
694,"[1106523, 1029743, 1037840, 1031316, 1006483]"
695,"[1029743, 882247, 995965, 1006184, 1004906]"
696,"[1126899, 983584, 909714, 901062, 1067795]"
698,"[1106523, 995965, 899682, 5588161, 1051686]"
699,"[1029743, 15452355, 847066, 823775, 1018769]"
700,"[944139, 1021116, 1101010, 1029743, 1106523]"
701,"[1106523, 866211, 891632, 8065410, 854852]"
702,"[12731432, 1029743, 1028805, 1056509, 1095087]"
703,"[1083043, 1121720, 1041796, 8090537, 5569230]"
705,"[1106523, 1029743, 1126899, 9858847, 12757316]"
706,"[1029743, 1070820, 976199, 8090521, 5569230]"
707,"[1029743, 948086, 829291, 5569471, 1037965]"
708,"[1029743, 845208, 916122, 911388, 973916]"
709,"[1106523, 1029743, 1093113, 889692, 992622]"
710,"[1106523, 13382073, 1046919, 1004906, 1021116]"
711,"[864893, 1037840, 907099, 1098284, 1114483]"
712,"[1070820, 1135834, 823775, 1004906, 1056509]"
713,"[1052294, 1075368, 880427, 1029743, 5569230]"
714,"[1082185, 1106523, 1126899, 1070820, 854852]"
715,"[1106523, 986912, 916122, 1135834, 865026]"
716,"[9834837, 1041796, 917438, 1126899, 1105917]"
717,"[878715, 910473, 1029743, 986912, 903065]"
718,"[1029743, 916122, 856818, 963971, 1054483]"
719,"[895930, 1099802, 1106523, 897752, 1079228]"
720,"[863447, 895268, 1056212, 5568758, 879734]"
722,"[1106523, 1126899, 830526, 925854, 13008327]"
723,"[1082212, 1071343, 1070820, 1043920, 878996]"
725,"[955354, 1106523, 879504, 1108168, 1011429]"
726,"[880427, 995965, 8358383, 1135573, 12302069]"
727,"[941006, 1106523, 950894, 1037863, 944534]"
728,"[1029743, 899624, 9828865, 1069039, 976199]"
729,"[1106523, 1029743, 1122358, 1126899, 1070820]"
730,"[1122358, 1126899, 1019247, 960732, 995628]"
731,"[830790, 1029743, 1070820, 986912, 862671]"
733,"[7443137, 1000170, 1029743, 1106523, 839818]"
734,"[970160, 1029743, 859427, 6391381, 5569230]"
735,"[1082185, 1106523, 1041796, 1084796, 13841744]"
736,"[1029743, 955921, 845208, 1070820, 5581335]"
740,"[1022254, 956672, 9655212, 1024198, 1097909]"
741,"[982485, 845208, 899624, 976199, 13213604]"
742,"[1106523, 992622, 899624, 1004906, 6423786]"
743,"[1106523, 1070820, 1022254, 1121808, 1027068]"
744,"[1024306, 13115981, 9832070, 899624, 1056509]"
745,"[1131634, 901062, 1026118, 854852, 838769]"
747,"[1021715, 5569230, 903065, 1051394, 1121360]"
750,"[878996, 5568378, 1110244, 1029743, 1004906]"
752,"[1106523, 1075368, 986912, 1132771, 916122]"
753,"[1026118, 1029743, 1070820, 1126899, 1075368]"
754,"[1016785, 942299, 1126899, 901062, 841584]"
755,"[954065, 1049735, 1100972, 8090536, 971922]"
757,"[9420041, 5569471, 5569230, 1110111, 1044078]"
759,"[1102929, 824661, 1043084, 6391068, 1033977]"
761,"[1106523, 1029743, 1056509, 5568378, 856252]"
762,"[1097761, 1070820, 938319, 986912, 852360]"
764,"[1029743, 1106523, 9526100, 965766, 6979545]"
766,"[1039672, 964385, 901062, 1137688, 1026118]"
768,"[1029743, 9526628, 913210, 1061614, 834117]"
769,"[1106523, 1029743, 1126899, 942166, 8019649]"
770,"[1029743, 986912, 6602697, 1041796, 15830972]"
771,"[1004906, 1022066, 6034857, 933067, 1132231]"
776,"[1101010, 1029743, 899624, 916122, 844179]"
777,"[1132771, 1046816, 1070820, 1029743, 1126899]"
779,"[976199, 963365, 1009187, 882604, 6533362]"
781,"[1046816, 930009, 880427, 936914, 1001277]"
784,"[1139782, 1102250, 938596, 1102416, 856252]"
786,"[6423786, 1106523, 907647, 1134483, 972665]"
787,"[857538, 934399, 999104, 1082212, 1015785]"
788,"[1029743, 873964, 896974, 1108131, 1112754]"
789,"[922561, 916122, 883003, 1101010, 844179]"
790,"[1029743, 1037089, 862488, 1007414, 5995177]"
793,"[1029743, 1106523, 1045478, 1041796, 1087605]"
794,"[1126899, 867420, 950638, 916993, 1012941]"
795,"[956125, 1029743, 1122358, 910032, 871756]"
796,"[846823, 1024306, 986912, 844179, 1029743]"
798,"[986912, 978974, 1126899, 916993, 6534030]"
799,"[1126899, 1117514, 837569, 1038985, 916122]"
800,"[1029743, 911974, 860703, 9835509, 848319]"
801,"[909497, 1029743, 9245106, 12731685, 845208]"
802,"[1106523, 1116770, 986912, 983584, 856252]"
803,"[1106523, 1104649, 843259, 969866, 884089]"
804,"[1101010, 1029743, 983959, 933835, 844179]"
805,"[1029743, 1024306, 949023, 870547, 899624]"
806,"[1029743, 5572308, 5569471, 8090513, 8090536]"
807,"[1029743, 1126899, 1024306, 13213470, 13213433]"
808,"[1029743, 986912, 1016800, 916122, 5569327]"
811,"[1029743, 1056509, 1131344, 851241, 1062002]"
814,"[935842, 1101173, 1017363, 978906, 825365]"
816,"[1029743, 1075368, 5569230, 916122, 1134483]"
817,"[1106523, 1070820, 856345, 13417139, 10455984]"
818,"[15972790, 9856740, 6602697, 1029743, 16729415]"
820,"[1106523, 947798, 7410335, 1004906, 995628]"
822,"[1131344, 933067, 940731, 940947, 1127758]"
823,"[1106523, 6534480, 6534035, 986912, 1108168]"
824,"[1106523, 944486, 1011926, 901067, 939546]"
825,"[1126899, 12731436, 913210, 976199, 915493]"
826,"[12384431, 1065670, 1106523, 1029743, 1126899]"
829,"[845208, 882604, 15926844, 1132771, 904777]"
831,"[885406, 957232, 1041592, 957736, 844179]"
836,"[990869, 1126899, 1037840, 916993, 1108094]"
837,"[925862, 1029743, 1106523, 1112825, 1126899]"
840,"[1029743, 927238, 979452, 1038985, 894447]"
841,"[1106523, 852015, 1065259, 970747, 1135468]"
842,"[12301338, 1029743, 9245108, 12349850, 5569327]"
844,"[1026118, 934087, 1003616, 1051468, 848319]"
845,"[5577022, 885290, 906838, 13190240, 8090537]"
846,"[829291, 883003, 1006483, 904997, 974988]"
847,"[1041796, 901062, 1001827, 1024306, 1136719]"
850,"[991411, 862725, 1004001, 870249, 8203851]"
852,"[1106523, 1126899, 1070820, 1024306, 1136719]"
853,"[1126899, 1137484, 951412, 897083, 871722]"
854,"[5568378, 878996, 5569327, 1004906, 1123842]"
855,"[1029743, 916993, 991411, 986912, 934369]"
856,"[1029743, 15926887, 1068719, 1022254, 871756]"
857,"[1070820, 997479, 999104, 910473, 912004]"
858,"[1029743, 1106523, 1112766, 1070820, 988791]"
859,"[960318, 13841744, 901062, 1004906, 894439]"
862,"[1029743, 1068719, 1103629, 864335, 1041796]"
863,"[5569135, 1029743, 1070820, 877310, 1119761]"
864,"[1029743, 1132771, 12301100, 1079724, 894439]"
865,"[1106523, 838186, 844179, 899624, 1075368]"
866,"[1106523, 1112754, 1037840, 823990, 875647]"
867,"[958208, 1106523, 937928, 1069039, 1110409]"
868,"[1029743, 856942, 999104, 833238, 8090521]"
869,"[857503, 5592931, 969568, 834962, 880150]"
871,"[1029743, 897083, 982360, 5569230, 878996]"
875,"[1126899, 986912, 899624, 971983, 8090513]"
876,"[1126899, 1068719, 1019751, 1122358, 916993]"
878,"[1106523, 1108131, 947798, 985893, 1108168]"
879,"[890511, 880150, 916122, 904997, 5569471]"
881,"[1029743, 5592931, 992650, 890695, 1056509]"
882,"[1029743, 1106523, 899624, 975649, 835098]"
883,"[1029743, 1022254, 1100972, 1057749, 1110111]"
884,"[1029743, 1106523, 1014388, 878996, 1070820]"
885,"[1106523, 1006483, 1107760, 5568378, 893018]"
886,"[1029743, 1070820, 1126899, 995965, 9487553]"
887,"[916122, 880150, 957232, 820486, 916758]"
888,"[1029743, 1106523, 1128016, 1070820, 856252]"
889,"[1029743, 1070820, 1126899, 983316, 880427]"
891,"[1106523, 1068750, 949151, 951190, 849466]"
893,"[8292958, 8292967, 15972565, 923314, 1106523]"
894,"[825541, 1029743, 6602697, 854852, 901062]"
895,"[14050366, 7024847, 12262832, 15452705, 5995603]"
897,"[1029743, 1070820, 1031087, 1101010, 7410201]"
898,"[1029743, 1026118, 848319, 1011926, 880427]"
900,"[1068719, 976199, 1003321, 885863, 10149640]"
903,"[1126899, 957232, 1014054, 903800, 1138443]"
904,"[1114605, 1024306, 891505, 1058543, 1106523]"
906,"[911974, 860703, 1082185, 1137507, 1126899]"
907,"[1132771, 986912, 1132231, 916122, 999270]"
908,"[1029743, 1106523, 1070820, 1104343, 1068719]"
909,"[1029743, 976199, 899624, 1056509, 848319]"
911,"[1126899, 1024306, 839438, 13008334, 1128161]"
913,"[1029743, 1070820, 995965, 1134810, 1062002]"
914,"[1029743, 986912, 898121, 13382073, 903065]"
915,"[1068719, 957232, 880150, 1029743, 1004001]"
916,"[901557, 824193, 1029743, 1106523, 1126899]"
919,"[1029743, 1106523, 1081177, 992622, 947798]"
920,"[1082185, 1106523, 899201, 1030093, 1101589]"
922,"[1026118, 867138, 1126899, 850768, 880427]"
924,"[1029743, 6534035, 9368290, 892500, 1075470]"
926,"[916993, 1138443, 1010259, 1031253, 1113687]"
927,"[1126899, 986912, 1132231, 871756, 916122]"
928,"[1029743, 5565802, 986912, 1060408, 824305]"
929,"[1070820, 1134810, 938319, 986912, 1004906]"
931,"[1029743, 1126899, 913210, 1122358, 1069003]"
934,"[1029743, 1106523, 1068719, 899624, 1101175]"
935,"[1132771, 870428, 1126899, 5581910, 9836195]"
936,"[1106523, 1029743, 1070820, 9837543, 1068719]"
937,"[1021116, 1134810, 13189861, 995965, 1126899]"
939,"[1106523, 1029743, 13841744, 896085, 832968]"
940,"[10456164, 1030093, 1019637, 1122180, 1037840]"
941,"[6464166, 890695, 1006664, 1122928, 916122]"
942,"[1029743, 917786, 9297062, 1015539, 1043920]"
943,"[1106523, 836445, 13381584, 5592931, 1139066]"
944,"[1101010, 1132771, 1106523, 1070820, 845208]"
946,"[1093413, 1106523, 969866, 1068719, 965766]"
947,"[1013307, 1038745, 1134483, 1051516, 1134296]"
949,"[1029743, 858419, 828106, 913210, 8090521]"
951,"[1042438, 1081177, 1005493, 1029743, 950638]"
952,"[1029743, 1075368, 1037840, 1122358, 13190240]"
953,"[1029743, 1007414, 877310, 5569135, 893018]"
954,"[1132771, 5568378, 1101010, 863447, 899624]"
955,"[911974, 860703, 1106523, 1029743, 990797]"
956,"[9527323, 9803545, 1070820, 5995035, 899624]"
957,"[14019790, 1032703, 1116589, 1068719, 5592931]"
959,"[918150, 10455984, 1029272, 1106523, 1082485]"
960,"[1128920, 1126899, 1070820, 1036347, 12731544]"
961,"[1029743, 1070820, 12188446, 5569471, 1002771]"
964,"[1106523, 1029743, 15831255, 909714, 5592931]"
968,"[1029743, 7409996, 1075368, 1022066, 983584]"
971,"[1029743, 1106523, 1075368, 1070820, 5565802]"
972,"[1925222, 1001168, 1029743, 1106523, 1070820]"
973,"[925091, 13417954, 921406, 1012594, 990466]"
975,"[13381584, 995965, 910151, 5569471, 5569327]"
976,"[1029743, 1126899, 1070820, 9676996, 9677670]"
978,"[951590, 1106523, 1070820, 993592, 13987010]"
979,"[1029743, 1106523, 9803862, 8066803, 962266]"
981,"[13672224, 1029743, 871722, 941198, 1082212]"
982,"[1106523, 1029743, 9526673, 1005456, 1092835]"
983,"[1029743, 1075368, 1102416, 8090521, 8090537]"
984,"[1114811, 1106523, 7147472, 1051686, 916758]"
985,"[1029743, 1074040, 863447, 1040807, 916122]"
986,"[1029743, 1116635, 927508, 1056509, 5568489]"
987,"[1070820, 1126899, 1075368, 883932, 1056509]"
988,"[1070820, 926905, 1016800, 5569374, 829722]"
989,"[1029743, 1106523, 1031864, 1089766, 899624]"
992,"[1029743, 1077497, 1044078, 1106523, 844179]"
993,"[8293439, 1138443, 5569471, 1040807, 1003616]"
996,"[948670, 1101010, 845208, 934639, 1058709]"
997,"[1070820, 1080867, 8090521, 1019247, 992649]"
998,"[1106523, 12262978, 899624, 916122, 5568378]"
999,"[1029743, 1030093, 944139, 983584, 907631]"
1000,"[976199, 957232, 986912, 896085, 5581464]"
1001,"[1135834, 1126899, 1067933, 997987, 8090570]"
1004,"[1029743, 6979248, 15452599, 961620, 1018818]"
1005,"[954102, 937292, 1031864, 1132231, 844179]"
1007,"[1029743, 822259, 8090537, 880895, 9575582]"
1008,"[910473, 835098, 13115501, 986912, 1029743]"
1010,"[1076954, 1082814, 1070820, 1058404, 9527323]"
1011,"[1081919, 1111264, 1029743, 905942, 1070820]"
1014,"[1029743, 6904775, 976199, 6904830, 911974]"
1015,"[947412, 1125943, 1037332, 916993, 6602697]"
1018,"[1070820, 5569230, 8090521, 5569845, 5569374]"
1019,"[819840, 1026118, 1106523, 1029743, 863447]"
1020,"[1070820, 899624, 13008334, 1038985, 1004906]"
1021,"[893629, 1029743, 1070820, 1062002, 1004906]"
1023,"[15972565, 923169, 15596520, 936830, 9296837]"
1024,"[1106523, 1087106, 874972, 1056509, 1101010]"
1025,"[1106523, 1029743, 965766, 1056509, 1068451]"
1027,"[1126899, 922561, 863447, 1105917, 1101010]"
1029,"[1010578, 13213604, 13213433, 1126899, 885290]"
1030,"[865511, 1070820, 9333437, 12171656, 999104]"
1034,"[819308, 1029743, 1106523, 1070820, 1126899]"
1039,"[1029743, 820923, 9419422, 972665, 5569230]"
1040,"[1126899, 7152600, 1075368, 916993, 1026670]"
1041,"[1029743, 1106523, 845163, 988697, 940023]"
1042,"[922127, 916122, 5569327, 1138443, 1132771]"
1045,"[1029743, 831509, 985893, 1043663, 1050851]"
1046,"[830172, 958008, 16729299, 1126899, 13071902]"
1047,"[1029743, 875647, 1056847, 5569230, 916122]"
1050,"[1123254, 12301338, 1106523, 929231, 9673980]"
1053,"[1005456, 1062002, 916993, 9928096, 951412]"
1057,"[6773058, 1126899, 852267, 981103, 869835]"
1058,"[1106523, 950206, 941856, 1126899, 1013928]"
1060,"[929730, 1135834, 1018769, 990840, 1040807]"
1061,"[1106523, 943522, 965009, 995880, 865456]"
1062,"[957736, 974204, 1029743, 844179, 916122]"
1064,"[1070820, 1138443, 965766, 916122, 8090521]"
1066,"[1029743, 835098, 965766, 1004906, 924352]"
1067,"[1082185, 1029743, 1126899, 12731714, 1060408]"
1068,"[1059902, 986912, 1070820, 1104649, 1025611]"
1069,"[1082185, 1029743, 844179, 5569230, 916122]"
1070,"[1029743, 856345, 1134398, 935218, 995965]"
1071,"[1029743, 986912, 1105917, 1021116, 1124695]"
1073,"[13008327, 904777, 1126899, 1000148, 1082212]"
1074,"[1029743, 13511457, 916122, 990656, 1054262]"
1075,"[938554, 1029743, 1106523, 999270, 15926886]"
1076,"[1106523, 1075368, 1130729, 1122358, 948381]"
1077,"[951590, 891632, 870547, 871756, 832678]"
1078,"[1106523, 1126899, 1005456, 1098844, 1090587]"
1080,"[1029743, 1106523, 899624, 1119784, 15926887]"
1081,"[1106523, 907993, 908318, 935646, 916122]"
1082,"[1106523, 988202, 1109805, 1051626, 863447]"
1083,"[904148, 1029743, 9396705, 1081177, 864335]"
1084,"[934639, 1068292, 955921, 956486, 844179]"
1085,"[1029743, 1106523, 1056509, 913210, 858419]"
1086,"[1076954, 1138443, 1008074, 15831255, 832678]"
1087,"[1029743, 1106523, 1070820, 1056509, 1037840]"
1088,"[1068719, 1077600, 997011, 1106523, 1045478]"
1089,"[1029743, 1006483, 1068292, 947798, 1108168]"
1090,"[916122, 1081177, 901062, 854852, 6034857]"
1091,"[1029743, 1056509, 1041796, 993592, 899624]"
1092,"[1029743, 1106523, 13841744, 1083787, 1098284]"
1093,"[946011, 1029743, 1082185, 1102929, 888543]"
1094,"[1029743, 1138443, 933835, 823704, 831628]"
1096,"[1029743, 1006063, 1106523, 1114006, 1094924]"
1097,"[857130, 1106523, 849697, 1121360, 5569230]"
1098,"[1070820, 901062, 8359154, 8293377, 916993]"
1100,"[955716, 1034176, 834117, 849202, 913210]"
1102,"[1029743, 1104649, 1025611, 1051516, 1044078]"
1103,"[1029743, 1126899, 5569230, 990688, 847139]"
1104,"[1015280, 1114605, 1045710, 894447, 948832]"
1106,"[15926885, 13213083, 849202, 841236, 1129049]"
1109,"[836085, 841016, 1029743, 1070820, 948670]"
1110,"[1070820, 1031316, 1775642, 1008288, 6534035]"
1111,"[1082185, 1029743, 1106523, 15481724, 1025326]"
1112,"[1082185, 1010681, 990688, 1075368, 970160]"
1113,"[1126899, 1056509, 10455984, 1004906, 916122]"
1114,"[1029743, 937791, 8090521, 8090537, 12599655]"
1117,"[1106523, 1029743, 849697, 1068719, 863762]"
1119,"[911311, 1129610, 844179, 940947, 916122]"
1121,"[1029743, 1101010, 1070820, 890695, 5568378]"
1123,"[1126899, 842783, 923149, 5570398, 870929]"
1127,"[9835223, 1029743, 1051516, 916993, 896085]"
1128,"[1106523, 1070820, 999198, 844179, 5592931]"
1129,"[1029743, 1070820, 1126899, 1094924, 1037332]"
1130,"[1106523, 1037863, 899624, 986912, 1044078]"
1131,"[1029743, 1075368, 946995, 13380863, 12301109]"
1132,"[922561, 1068292, 1004906, 843259, 844179]"
1133,"[1029743, 1106523, 1122358, 1038985, 1112205]"
1134,"[948670, 1070820, 1106523, 920025, 839243]"
1135,"[1029743, 9884698, 865511, 1019247, 941883]"
1136,"[1029743, 1106523, 845208, 1138443, 1004906]"
1137,"[924667, 934639, 1068719, 914318, 935527]"
1138,"[922324, 15926886, 13382200, 1106523, 1015539]"
1141,"[1029743, 7410335, 1022428, 1056509, 13841744]"
1142,"[995965, 1104414, 916122, 6442443, 1071027]"
1146,"[1029743, 1106523, 955854, 1009205, 829138]"
1149,"[12517450, 1075368, 5569230, 5569471, 8090537]"
1151,"[1106523, 997309, 6602697, 9833335, 896974]"
1152,"[951590, 1029743, 1110111, 5569471, 1021116]"
1154,"[1106523, 836085, 835296, 842698, 934427]"
1155,"[893018, 1037840, 1071713, 1051283, 1044078]"
1157,"[1070820, 1048352, 6534480, 1041796, 5569471]"
1158,"[1101010, 1106523, 986912, 1049735, 1004906]"
1159,"[5995078, 12696250, 889989, 870515, 1081177]"
1160,"[1106523, 1068719, 5592931, 871756, 1004906]"
1161,"[1070820, 1126899, 976199, 938300, 7409554]"
1163,"[1029743, 13512739, 1056509, 1004906, 939546]"
1164,"[1118332, 1070820, 850574, 1033977, 885406]"
1166,"[1029743, 846811, 899624, 825703, 843464]"
1167,"[1082185, 1070820, 1040861, 953243, 1062002]"
1168,"[836262, 1055044, 1029743, 1106523, 916993]"
1169,"[1106523, 12731701, 832678, 1138443, 846823]"
1172,"[916993, 1003054, 985181, 1029743, 1106523]"
1174,"[1106523, 1068719, 1031087, 893018, 969866]"
1175,"[1045710, 962266, 1098844, 8066803, 869047]"
1178,"[910374, 992622, 1069039, 1104343, 1004906]"
1179,"[962229, 1056509, 1126895, 922651, 899624]"
1180,"[1029743, 12523928, 1038985, 1122358, 12456867]"
1182,"[1029743, 1106523, 1070820, 1126899, 899624]"
1185,"[895930, 1106523, 1059902, 1041796, 1083787]"
1186,"[1070820, 1126899, 1098844, 903800, 1094924]"
1187,"[1106523, 890695, 974179, 910673, 7409842]"
1188,"[978077, 15926844, 861494, 1066251, 1044078]"
1189,"[1082185, 819840, 1106523, 1082212, 1026118]"
1190,"[1029743, 9655483, 8090537, 8090521, 1116635]"
1191,"[9297511, 890695, 1135834, 1051516, 986912]"
1192,"[1081177, 938554, 905537, 1101932, 910673]"
1193,"[1106523, 899624, 5569230, 913210, 1013928]"
1194,"[1106523, 849202, 910473, 1119761, 871756]"
1196,"[924864, 1070820, 1012801, 1002771, 866211]"
1197,"[1029743, 8090521, 8090532, 1065061, 874972]"
1198,"[915064, 6534030, 1092933, 974807, 1080911]"
1201,"[868066, 1056509, 1034176, 866548, 907099]"
1202,"[9925966, 1075368, 906844, 983665, 1029743]"
1203,"[1106523, 916122, 1023697, 990797, 1062002]"
1204,"[1106523, 1029743, 1037840, 1041796, 852015]"
1205,"[1029743, 5592931, 839208, 5571178, 1122358]"
1206,"[1106523, 1134483, 7409618, 1088910, 849697]"
1207,"[13115501, 883202, 1106523, 1029743, 916122]"
1208,"[845208, 1031316, 843343, 1074040, 1024051]"
1209,"[1032297, 1081177, 986912, 940947, 1029743]"
1210,"[1070820, 878996, 1106271, 1036930, 7166861]"
1211,"[879504, 12262978, 15629927, 1037631, 1070820]"
1216,"[915605, 1135834, 1138443, 1004906, 972665]"
1217,"[1029743, 1075368, 916122, 1056509, 907631]"
1218,"[1026118, 1070820, 1126899, 976199, 916122]"
1219,"[1105917, 1029743, 1106523, 934369, 843585]"
1221,"[1055504, 948119, 924864, 987006, 1029743]"
1222,"[1106523, 15596607, 1031316, 1037840, 848319]"
1223,"[1106523, 905636, 1021324, 5569230, 9835223]"
1224,"[1022066, 1138443, 1070820, 969866, 1135253]"
1225,"[1106523, 1070820, 1036347, 5592931, 1058185]"
1226,"[1106523, 1070820, 1004906, 865456, 1039224]"
1227,"[1029743, 1106523, 1070820, 1126899, 854852]"
1228,"[1106523, 8019186, 1068719, 12262992, 879504]"
1229,"[1070820, 916122, 1051468, 909714, 1037332]"
1231,"[1029743, 1070820, 1117514, 916993, 824272]"
1234,"[885406, 1042702, 844179, 933354, 6391381]"
1236,"[1106523, 1037840, 965766, 1101010, 969568]"
1238,"[1029743, 855454, 834826, 1101010, 1131321]"
1240,"[9676851, 1060469, 1044259, 1070820, 970202]"
1241,"[1029743, 969568, 1037840, 1075368, 995628]"
1242,"[1024319, 883003, 1070820, 916122, 1019247]"
1245,"[992529, 835300, 1112766, 969866, 913210]"
1246,"[1126899, 1006184, 9655676, 824305, 14025389]"
1247,"[1029743, 1126899, 971957, 834022, 1082454]"
1248,"[1106523, 914753, 1041796, 925862, 844179]"
1249,"[1106523, 925862, 1029743, 1070820, 1126899]"
1252,"[1102929, 5566321, 1006184, 999104, 916122]"
1255,"[1029743, 1106523, 1070820, 1056509, 1126899]"
1256,"[976293, 986912, 12262978, 976214, 1000542]"
1257,"[1091901, 847207, 1126899, 1101706, 833940]"
1258,"[883932, 897083, 5569471, 844179, 872137]"
1259,"[916993, 1037332, 6533608, 6533362, 1101010]"
1260,"[15483382, 15972790, 999104, 903800, 835972]"
1261,"[1055044, 1070820, 1110042, 9526448, 1109805]"
1263,"[1029743, 986912, 1016800, 976214, 835578]"
1264,"[1029743, 6423786, 952972, 13416932, 972418]"
1265,"[1082185, 1029743, 879504, 1042544, 9858847]"
1266,"[9835223, 863447, 8203851, 1119761, 1022254]"
1267,"[1070820, 916122, 12171656, 880427, 897083]"
1269,"[1082185, 1106523, 1070820, 1031316, 844179]"
1270,"[1082185, 1026118, 1106523, 13002975, 5586918]"
1271,"[947412, 1029743, 1068719, 965842, 976199]"
1272,"[6602697, 856252, 916122, 1037902, 1040807]"
1274,"[1091342, 951590, 1070820, 960613, 859924]"
1277,"[1106523, 843929, 1006483, 986912, 12262992]"
1278,"[883003, 1106523, 1027168, 916122, 5569230]"
1279,"[1106523, 965766, 969866, 854852, 1093113]"
1280,"[1029743, 1106523, 834117, 1122358, 1126899]"
1281,"[1131344, 1029743, 844179, 1106523, 986912]"
1282,"[1106523, 951190, 12301100, 944534, 1108131]"
1283,"[916122, 9655482, 838971, 866211, 1071244]"
1284,"[1038745, 15926844, 15926886, 893018, 899624]"
1285,"[1106523, 925364, 13008321, 1102003, 1004906]"
1287,"[904777, 854852, 965766, 916122, 885290]"
1288,"[1006483, 1090587, 916122, 1062002, 916993]"
1289,"[1029743, 884756, 1112825, 862035, 939527]"
1290,"[13671473, 973916, 6514008, 933067, 893018]"
1291,"[1106523, 1101010, 13007356, 5568802, 882013]"
1293,"[899624, 12349850, 1106523, 1004906, 844179]"
1294,"[939032, 1126899, 1029743, 1070820, 916122]"
1295,"[7410335, 1029743, 1101589, 893018, 916122]"
1296,"[1029743, 831587, 1116770, 1070727, 880150]"
1297,"[1082185, 1026118, 1117514, 1029743, 1106523]"
1298,"[1029743, 5592931, 999104, 909497, 865511]"
1299,"[1106523, 1029743, 1070820, 841016, 896085]"
1300,"[12811532, 12524661, 1106523, 1029743, 1070820]"
1303,"[1029743, 976199, 848319, 10456174, 913210]"
1304,"[1106523, 1029743, 1118623, 1070820, 1126899]"
1305,"[1106523, 1029743, 911974, 1021116, 944139]"
1306,"[1106523, 1029743, 1068719, 844179, 5592931]"
1307,"[9297574, 986912, 1006483, 1119405, 5569230]"
1310,"[916122, 835285, 8293447, 1082990, 5569230]"
1312,"[1029743, 1126899, 1122358, 5568378, 5569230]"
1313,"[5995129, 1081177, 956902, 8293447, 978906]"
1314,"[1029743, 976199, 1015280, 1075368, 963365]"
1316,"[1029743, 1070820, 1002771, 1008739, 5568378]"
1317,"[1029743, 947798, 1093113, 5569230, 5568378]"
1318,"[6632744, 849466, 1100972, 951412, 904241]"
1319,"[1029743, 916122, 5569230, 5569471, 6534030]"
1321,"[1106523, 1075470, 893018, 9803545, 969866]"
1325,"[6602697, 900586, 1116050, 849544, 13007975]"
1326,"[1029743, 945662, 851913, 1056509, 1081177]"
1328,"[951590, 1029743, 1006184, 922561, 875089]"
1329,"[869755, 947858, 9835223, 1008032, 916993]"
1330,"[1106523, 856252, 1101010, 916122, 880888]"
1331,"[1029743, 845208, 1041796, 1102416, 1086001]"
1332,"[6979049, 1062128, 12731714, 986912, 909714]"
1333,"[9338009, 1126899, 1053988, 13841744, 888586]"
1334,"[1054185, 1029743, 878996, 1106523, 1070820]"
1335,"[12782182, 1010681, 836286, 1060976, 1098248]"
1336,"[1029743, 912902, 971922, 916122, 1138443]"
1337,"[1029743, 1070820, 1069863, 983584, 5569230]"
1338,"[1106523, 842392, 940731, 1138353, 9884698]"
1340,"[948381, 1004436, 916122, 1024198, 1114483]"
1342,"[1046816, 1081177, 1024306, 1106523, 1029743]"
1346,"[1063577, 1082212, 916122, 859427, 1024306]"
1347,"[1029743, 957232, 1132771, 1108168, 984680]"
1350,"[988697, 1029743, 1106523, 899624, 845208]"
1351,"[1048373, 1001475, 1029743, 916122, 1106523]"
1352,"[890441, 838351, 1114218, 958208, 1045826]"
1353,"[1029743, 1106523, 5592931, 15926844, 1002787]"
1354,"[15596872, 893018, 916122, 879504, 926206]"
1356,"[1070820, 1046816, 1105917, 5569230, 901776]"
1357,"[1106523, 1029743, 1070820, 1126899, 983897]"
1358,"[1106523, 1029743, 1070820, 845208, 5568378]"
1360,"[1076954, 13910384, 13876741, 1087411, 9884698]"
1361,"[1131634, 6034857, 9856740, 916122, 853038]"
1362,"[13417761, 6463772, 890604, 987263, 924006]"
1364,"[1014831, 1029743, 1126899, 1070820, 854852]"
1366,"[1101010, 1126899, 856687, 1122358, 901062]"
1367,"[1070820, 1126899, 939527, 13672065, 909714]"
1368,"[951590, 15452641, 1029743, 1070820, 916122]"
1369,"[1137484, 1126899, 1095944, 916122, 857538]"
1370,"[869868, 1068957, 1061394, 1077410, 992786]"
1373,"[1007269, 944137, 934399, 1042907, 9655676]"
1374,"[1106523, 6979393, 1037840, 13002975, 934639]"
1375,"[1029743, 1106523, 976199, 916993, 899624]"
1376,"[1029743, 847066, 1004906, 899624, 8090537]"
1378,"[9338009, 1037332, 1062002, 936470, 1124352]"
1379,"[962229, 1029743, 1062095, 883932, 934172]"
1381,"[1029743, 1106523, 834435, 1126899, 5569230]"
1382,"[1029743, 1056509, 844179, 5569230, 1018769]"
1383,"[9655242, 12781829, 12782182, 13190349, 909714]"
1384,"[5592931, 1029743, 916122, 1106523, 1070820]"
1385,"[1022254, 1106523, 1029743, 1037863, 1122358]"
1387,"[9297062, 1068504, 956672, 899624, 844179]"
1388,"[1022066, 849697, 1041796, 997025, 1037965]"
1389,"[15973135, 986912, 12731714, 978343, 15596112]"
1390,"[1029743, 976199, 6034857, 969568, 1055155]"
1391,"[1106523, 916993, 842407, 1022152, 883940]"
1393,"[12757544, 1126899, 1081435, 861256, 1010259]"
1394,"[1070820, 1101437, 13416932, 919215, 13115981]"
1395,"[6533608, 951590, 940947, 880427, 1126899]"
1397,"[1106523, 992529, 1068719, 1126899, 918046]"
1399,"[13417588, 852600, 6034857, 9420337, 1009187]"
1401,"[1029743, 1027168, 928342, 1106523, 844179]"
1402,"[1106523, 934639, 969866, 824305, 6773232]"
1403,"[1070820, 933067, 880888, 965766, 883932]"
1405,"[1106523, 1029743, 7410289, 1006483, 893018]"
1406,"[1029743, 5569327, 1138443, 5569230, 5567502]"
1409,"[957232, 1116050, 6391076, 8090513, 1037840]"
1412,"[1029743, 885290, 9487606, 965766, 1046816]"
1414,"[1081177, 1075368, 1029743, 1106523, 901062]"
1417,"[1068561, 10198378, 916122, 913210, 999104]"
1418,"[1070820, 948670, 892144, 956672, 5569471]"
1419,"[1106523, 977374, 1026118, 9835619, 1114653]"
1421,"[1029743, 942045, 985893, 8090509, 8090521]"
1423,"[1082185, 1029743, 13008334, 1056509, 1022254]"
1425,"[1029743, 1101010, 944139, 933835, 8090509]"
1426,"[1029743, 916122, 1006483, 1082990, 827656]"
1427,"[1029743, 844179, 996009, 1062863, 1122358]"
1428,"[1029743, 1106523, 976199, 1126899, 1068719]"
1429,"[878996, 1029743, 1106523, 5568378, 1126899]"
1430,"[1029743, 1126899, 885290, 978879, 13115501]"
1431,"[874112, 1013982, 1029743, 849544, 844179]"
1434,"[1106523, 1075368, 1037840, 5569230, 5568378]"
1437,"[1029743, 944139, 844179, 1068561, 1004906]"
1440,"[1101010, 1029743, 1106523, 1037840, 899624]"
1443,"[1070820, 937403, 948239, 1057168, 5569471]"
1445,"[1026118, 1009361, 1029743, 6034857, 995965]"
1447,"[1128016, 996438, 1029743, 1075368, 1106523]"
1450,"[916993, 1030577, 845208, 5569230, 9884698]"
1451,"[1082185, 1029743, 1070820, 916122, 936117]"
1452,"[9368289, 856252, 890695, 1013928, 1050851]"
1453,"[916122, 1051468, 6602697, 7139529, 6034857]"
1454,"[1082185, 1029743, 882604, 6034857, 5569471]"
1457,"[1022254, 1106523, 5592931, 942166, 1068292]"
1458,"[962266, 976199, 8292958, 6602590, 1006664]"
1459,"[857130, 1002787, 948832, 885290, 5569230]"
1461,"[1029743, 1105917, 1122358, 965766, 12132648]"
1462,"[6513559, 1062002, 820486, 887503, 1101932]"
1463,"[1075368, 1044637, 986912, 1024051, 5568378]"
1464,"[1029743, 916122, 8203851, 1100972, 933835]"
1465,"[921406, 971922, 860248, 880427, 883932]"
1467,"[986912, 1029743, 860248, 1042438, 1070820]"
1470,"[1029743, 1070820, 1126899, 1031316, 1063739]"
1471,"[834117, 913210, 1081177, 1029743, 986912]"
1473,"[1126899, 938118, 1104343, 1006063, 6464150]"
1474,"[1106523, 1037840, 9487606, 948119, 883932]"
1475,"[972931, 1070820, 1056509, 963971, 916122]"
1476,"[978879, 1075170, 861990, 1121720, 1046816]"
1479,"[1029743, 1106523, 6703940, 5568378, 13115914]"
1481,"[1029743, 9487553, 834158, 870929, 1004906]"
1483,"[1029743, 1106523, 1070820, 5592931, 1004906]"
1484,"[880150, 1024306, 823704, 915459, 916122]"
1485,"[1106523, 878715, 1075368, 1052294, 1108094]"
1487,"[940947, 832678, 970747, 825882, 1029743]"
1488,"[1029743, 1126899, 8090537, 844179, 5568378]"
1489,"[1029743, 1088910, 965530, 15831209, 7166672]"
1490,"[9297574, 9297062, 6533681, 969866, 992529]"
1491,"[1029743, 1061203, 1106523, 965766, 901062]"
1492,"[6904786, 1029743, 1122358, 944534, 1105917]"
1493,"[1106523, 871652, 1041796, 1027168, 5569230]"
1494,"[1068719, 899624, 1044078, 836445, 12302069]"
1495,"[969866, 986912, 1036347, 1038745, 6979393]"
1499,"[963365, 14106445, 844179, 933835, 1013895]"
1500,"[1091090, 1106271, 1086001, 9655696, 1059153]"
1501,"[8019186, 885406, 849297, 1070820, 882247]"
1506,"[1106523, 965766, 844179, 1004906, 1100972]"
1507,"[843343, 825218, 13841744, 1122358, 1068719]"
1508,"[1042571, 834158, 871722, 1126899, 1122358]"
1509,"[1029743, 903800, 851343, 5588817, 1046037]"
1510,"[9673980, 986912, 5569230, 883003, 9884698]"
1511,"[1106523, 1029743, 1070820, 1135834, 5569230]"
1512,"[1029743, 1083446, 970747, 5569374, 983584]"
1514,"[1126899, 956672, 907631, 1006184, 995965]"
1515,"[1029743, 1101010, 986912, 5569230, 1041796]"
1517,"[1070820, 916122, 844179, 5569471, 1137775]"
1518,"[1029743, 1106523, 1082212, 844179, 1036347]"
1519,"[15973164, 1133210, 1125155, 1070820, 854754]"
1520,"[1029743, 947326, 15926844, 1056509, 899624]"
1521,"[944534, 1105917, 1013928, 911017, 883932]"
1525,"[845208, 1029743, 1103629, 893018, 5568378]"
1526,"[900586, 971807, 842698, 918150, 865026]"
1527,"[1029743, 1106523, 1070820, 5569471, 5569230]"
1528,"[1029743, 9420327, 916122, 894439, 1075368]"
1529,"[1106523, 993466, 844179, 12811532, 1113274]"
1530,"[938300, 1024306, 1020208, 936830, 862725]"
1531,"[1126899, 860248, 1075368, 5568378, 878996]"
1532,"[1101010, 965766, 862010, 911609, 6534030]"
1533,"[1127831, 866211, 854852, 1081177, 901062]"
1534,"[1070820, 1094924, 13512837, 13190240, 838882]"
1535,"[1106523, 5592931, 1085229, 5565802, 832678]"
1536,"[1029743, 1126899, 897088, 1004906, 8090509]"
1537,"[1029743, 1106523, 1126899, 1015280, 913210]"
1539,"[1029743, 1106523, 1126899, 1070820, 5569230]"
1540,"[1106523, 10204440, 1081533, 5568378, 10204149]"
1541,"[1029743, 12731436, 1012801, 849578, 904450]"
1542,"[957232, 6979579, 1086001, 935993, 916122]"
1543,"[1029743, 1096573, 916122, 1043494, 5568378]"
1545,"[1106523, 901067, 8090521, 844179, 1091865]"
1546,"[1029743, 1079023, 965766, 1132771, 12132315]"
1547,"[858419, 10198511, 883932, 15972790, 1009187]"
1548,"[1029743, 965842, 1126899, 1134483, 856252]"
1549,"[8203851, 985071, 986912, 1106523, 1029743]"
1550,"[1106523, 1080153, 1095242, 1068504, 829621]"
1552,"[1029743, 5569230, 901062, 867547, 5565925]"
1555,"[1029743, 986912, 1041796, 929018, 856687]"
1556,"[948670, 863030, 10150194, 1044078, 854852]"
1557,"[1106523, 1068719, 962266, 1095944, 1020208]"
1558,"[1029743, 839438, 6534077, 1030093, 1006184]"
1559,"[1026118, 958663, 1106523, 1075368, 1026945]"
1560,"[1029743, 916122, 995628, 844179, 1021519]"
1563,"[1029743, 1126899, 1070820, 848319, 854852]"
1564,"[971922, 12262978, 1029743, 1106523, 1070820]"
1566,"[943940, 8160468, 13115809, 1004906, 1029743]"
1567,"[1082185, 1026118, 1106523, 934639, 1051516]"
1568,"[1106523, 1104343, 899624, 1050851, 5569230]"
1569,"[1106523, 1029743, 956672, 880427, 1093413]"
1570,"[1029743, 1112825, 1028891, 976199, 853449]"
1572,"[1126899, 1048185, 15972905, 995965, 5569230]"
1575,"[1022254, 10457590, 1070820, 939527, 13190349]"
1576,"[1029743, 1106523, 916122, 1127758, 1070820]"
1577,"[1029743, 852182, 8090537, 899624, 6533608]"
1578,"[839243, 1029743, 1075368, 916122, 8090537]"
1579,"[1029743, 1093413, 883003, 1041796, 15629917]"
1580,"[1079987, 934639, 12380603, 1106523, 1029743]"
1581,"[1029743, 5569471, 916122, 1020404, 845208]"
1584,"[1029743, 1106523, 1134483, 990453, 1028891]"
1585,"[1126899, 1040788, 916122, 1110409, 5569230]"
1587,"[1029743, 898867, 1075277, 899624, 844179]"
1588,"[6602697, 841016, 965842, 878996, 6034857]"
1590,"[1029743, 1070820, 8292958, 965766, 6391381]"
1591,"[1070820, 13512739, 916993, 896085, 1001827]"
1592,"[8358386, 6391134, 6979526, 1057749, 1040807]"
1593,"[1029743, 860248, 5569471, 5569230, 835098]"
1594,"[1106523, 1101010, 1068719, 984680, 13876640]"
1595,"[986912, 1100972, 976199, 1110042, 8090537]"
1596,"[1058404, 1042571, 15452241, 15452873, 880427]"
1598,"[1029743, 1106523, 978077, 1072917, 883932]"
1599,"[1106523, 1068719, 901976, 866211, 1004906]"
1602,"[1029743, 1070820, 1126899, 1044259, 1006483]"
1604,"[832678, 944486, 1051211, 1029743, 1106523]"
1607,"[8090509, 6533608, 6534030, 6533936, 5569471]"
1608,"[1026118, 1029743, 1031864, 916122, 956672]"
1609,"[1082185, 1029743, 1106523, 1070820, 987044]"
1611,"[910473, 9655676, 1029743, 1106523, 1056847]"
1612,"[1029743, 1070820, 1126899, 1039672, 901062]"
1618,"[9420183, 1070820, 1010681, 916487, 15972790]"
1619,"[12731621, 6979049, 965842, 970160, 1010259]"
1620,"[1106523, 1131574, 5592931, 9245106, 899624]"
1621,"[1101010, 9297062, 1106523, 1029743, 832678]"
1622,"[890441, 889632, 903526, 1026118, 1029743]"
1623,"[1106523, 1033941, 874972, 854852, 1038985]"
1624,"[1082185, 1026118, 819840, 997309, 10457590]"
1627,"[1082185, 1038745, 867138, 934639, 1068292]"
1630,"[1106523, 948670, 12301405, 1107760, 865026]"
1631,"[1029743, 1016421, 1089766, 1035676, 967461]"
1632,"[1070820, 880427, 1014054, 1037332, 878715]"
1633,"[1090676, 1029743, 1064213, 1135834, 1101010]"
1634,"[1029743, 1070820, 936117, 862318, 933835]"
1636,"[901062, 1081177, 909714, 1106523, 866211]"
1637,"[978879, 951071, 971922, 1029743, 1106523]"
1638,"[1138443, 1004906, 1029743, 1106523, 1098248]"
1640,"[1106523, 1075368, 1086119, 1037840, 875647]"
1641,"[944137, 1029743, 1106523, 878996, 957232]"
1642,"[1026118, 1106523, 1029743, 1070820, 1117514]"
1643,"[1102207, 1106523, 965530, 916122, 893018]"
1644,"[854852, 1081177, 901062, 866211, 916122]"
1647,"[1029743, 1106523, 1126899, 916122, 844179]"
1648,"[1106523, 6979393, 8019649, 5569327, 934399]"
1649,"[897954, 999104, 883003, 1011926, 10456354]"
1650,"[854754, 1100927, 6602697, 1051516, 15860306]"
1651,"[845208, 13417139, 1104343, 995478, 5566695]"
1652,"[15926725, 955716, 883003, 1034176, 1004436]"
1653,"[1029743, 902377, 1138443, 971922, 12452939]"
1654,"[9553347, 1029743, 1106523, 1070820, 1034955]"
1657,"[957063, 1029743, 895016, 839208, 1106523]"
1658,"[15972790, 916122, 841236, 885290, 1006184]"
1659,"[1029743, 1106523, 854852, 896809, 6034857]"
1660,"[827194, 1106523, 1029743, 6602697, 1124695]"
1662,"[1126899, 1098844, 1070820, 13213470, 999104]"
1663,"[1106523, 1029743, 1070820, 1126899, 5569230]"
1664,"[13213552, 1070820, 965530, 876815, 845208]"
1665,"[1061334, 1044590, 955914, 9835619, 6602697]"
1668,"[1106523, 976199, 1068719, 823099, 835098]"
1672,"[1106523, 1029743, 5592931, 862335, 896974]"
1673,"[1106523, 863762, 860248, 1056509, 972665]"
1676,"[9297062, 1044259, 962266, 1026258, 921406]"
1677,"[1029743, 9835509, 6632785, 885290, 834826]"
1680,"[1126899, 820486, 1129610, 843911, 1004906]"
1683,"[1070820, 1104343, 1041796, 5569230, 5569471]"
1684,"[1106523, 13841744, 947983, 845208, 951197]"
1685,"[1029743, 1005274, 5569230, 5569471, 7410289]"
1686,"[1106523, 1029743, 986912, 909472, 825365]"
1687,"[1126899, 976199, 832678, 916122, 872137]"
1688,"[1029743, 1028715, 1066251, 911311, 857503]"
1689,"[1029743, 1098284, 866548, 1034176, 916578]"
1690,"[832678, 883871, 9835223, 866211, 5569230]"
1692,"[1029743, 1106523, 825365, 8090521, 5569230]"
1693,"[1126899, 880427, 852360, 1096860, 901062]"
1694,"[985893, 1108168, 972931, 856252, 916122]"
1695,"[1082185, 876948, 1029743, 1106117, 1038985]"
1696,"[1029743, 1070820, 823576, 965766, 1082212]"
1697,"[1029743, 848029, 1050851, 940947, 993838]"
1698,"[976199, 1038985, 866211, 1044078, 999779]"
1699,"[993638, 1048445, 1106523, 830203, 1131634]"
1700,"[1078741, 12810393, 916122, 941856, 5568378]"
1701,"[871756, 5569230, 6534077, 1081177, 934172]"
1703,"[1106523, 965766, 1002787, 5592931, 843898]"
1704,"[1029743, 5592931, 1106523, 912860, 1028715]"
1705,"[916122, 6602697, 969866, 5592931, 1044078]"
1706,"[860248, 983584, 6463729, 5568378, 1075368]"
1707,"[962229, 1029743, 9884484, 831063, 5569230]"
1708,"[1029743, 12731714, 12810393, 832678, 1017325]"
1709,"[1029743, 1106523, 1036939, 901205, 5568249]"
1710,"[1029743, 1106523, 1126899, 9803862, 916122]"
1712,"[869943, 848029, 925862, 878996, 1037840]"
1713,"[851188, 903602, 893362, 1060312, 1082627]"
1715,"[1126899, 1098248, 976199, 883202, 7168129]"
1716,"[1029743, 844179, 1004906, 5592931, 940947]"
1717,"[1029743, 899682, 852360, 899624, 971005]"
1718,"[1139782, 1070820, 1041796, 1037840, 944137]"
1719,"[1029743, 1106523, 1070820, 1103105, 976199]"
1720,"[1070820, 936215, 856215, 909714, 916122]"
1721,"[1106523, 1029743, 849697, 1070820, 925862]"
1722,"[7409970, 1126899, 820321, 853998, 978077]"
1723,"[6979393, 906183, 866211, 872137, 1098844]"
1724,"[1106523, 1126899, 824305, 1104343, 843911]"
1726,"[1044259, 1126899, 1059401, 1044487, 6391381]"
1728,"[1029743, 837569, 9296919, 5995072, 1126899]"
1729,"[1029743, 1106523, 1104343, 1075368, 838571]"
1730,"[1029743, 1031864, 1106523, 1108168, 1070820]"
1731,"[1106523, 1126899, 1132771, 1084997, 862671]"
1732,"[1029743, 1106523, 841016, 940278, 844179]"
1733,"[894439, 6904613, 1106523, 1029743, 857333]"
1735,"[1082990, 1075368, 13213124, 972931, 965041]"
1737,"[5568378, 878996, 1029743, 916122, 1106523]"
1738,"[922847, 1118033, 880150, 9835223, 1037840]"
1739,"[1106523, 5568378, 1001475, 13841744, 957063]"
1740,"[885406, 9837543, 6034857, 1056509, 12946027]"
1742,"[864335, 1019637, 908843, 1017075, 12811532]"
1743,"[1011427, 1041796, 1023160, 5569230, 8090509]"
1745,"[1106523, 988697, 920191, 1006184, 947798]"
1747,"[1106523, 6979005, 1122358, 1060318, 1056509]"
1748,"[1082185, 1106523, 15626131, 911311, 912860]"
1749,"[1135834, 934399, 999104, 878715, 1009719]"
1750,"[1029743, 1082185, 1024306, 997479, 901062]"
1751,"[15926844, 1070820, 823704, 1082990, 1004906]"
1752,"[1106523, 1004906, 832678, 5568378, 12301100]"
1753,"[1106523, 916122, 982211, 1116028, 7441210]"
1754,"[1029743, 12349850, 1028715, 1129610, 1125391]"
1755,"[12171656, 1038985, 925862, 1069506, 901062]"
1758,"[1029743, 1126899, 976199, 899624, 12696250]"
1759,"[1070820, 1126899, 1037332, 938596, 929341]"
1760,"[15630094, 10285006, 1082185, 1038985, 906838]"
1761,"[844179, 1132771, 962671, 848029, 1120991]"
1762,"[1029743, 976199, 963971, 1056509, 849297]"
1763,"[1106523, 1118623, 13416117, 1075368, 1037840]"
1764,"[1126899, 901062, 972665, 8118500, 945611]"
1765,"[1029743, 1070820, 899624, 916122, 844179]"
1766,"[1029743, 1131344, 883003, 1106523, 916122]"
1767,"[1106523, 1029743, 899624, 1004906, 1081177]"
1768,"[6391134, 12946027, 1127758, 13210025, 880150]"
1769,"[1029743, 1127495, 13416117, 1037863, 1020208]"
1770,"[1029743, 960791, 1104343, 1076580, 6602697]"
1773,"[1070820, 9420183, 834158, 8019233, 862010]"
1774,"[1106523, 1029743, 15717170, 937928, 9297062]"
1775,"[1082185, 1126899, 1037332, 823576, 5569471]"
1776,"[901666, 1029743, 1070820, 878996, 1126899]"
1778,"[1029743, 1007414, 914318, 9245106, 926206]"
1779,"[1070820, 1101010, 1135834, 986912, 1004906]"
1781,"[862930, 13416117, 1009187, 847207, 1031316]"
1783,"[1029743, 942045, 1126899, 892728, 1138443]"
1784,"[13777511, 1126899, 849578, 830503, 1019247]"
1785,"[1131321, 1070820, 1126899, 1000493, 933835]"
1788,"[1029743, 987423, 917493, 9420183, 909714]"
1789,"[955716, 1004436, 957063, 1075368, 1138443]"
1790,"[13213567, 888711, 991874, 8293898, 909472]"
1791,"[976199, 916122, 835098, 948670, 910673]"
1792,"[1101010, 1106523, 1075368, 976199, 1089766]"
1793,"[1106523, 969866, 1124695, 928932, 5568378]"
1794,"[1029743, 1106523, 1102416, 5568378, 866211]"
1795,"[1070820, 13417587, 1073426, 890610, 9835773]"
1796,"[1029743, 1106523, 1002787, 965766, 942525]"
1797,"[907791, 842407, 1112825, 829621, 867016]"
1800,"[1070820, 1126899, 13512004, 15972905, 823704]"
1801,"[1123022, 1013928, 825365, 9884698, 839656]"
1802,"[885290, 888835, 13382073, 1117358, 884089]"
1803,"[997349, 1029743, 864214, 899624, 5569230]"
1804,"[1029743, 1113274, 1004906, 901062, 999104]"
1805,"[6551861, 880888, 1029743, 1106523, 921438]"
1806,"[1029743, 1126899, 9526100, 6632935, 930009]"
1807,"[1126899, 1112825, 929178, 848319, 901062]"
1808,"[1029743, 1037840, 1091090, 883186, 9446069]"
1809,"[15926844, 901062, 940806, 916993, 5569230]"
1810,"[1029743, 1074040, 864893, 1108094, 1098284]"
1811,"[1029743, 901976, 1106523, 1135258, 1112238]"
1812,"[12731544, 1101980, 1024306, 1103377, 1006342]"
1814,"[1029743, 955921, 827911, 1028891, 1081177]"
1815,"[938118, 1029743, 9526100, 821845, 1004906]"
1816,"[1029743, 1070820, 1056509, 916122, 9858847]"
1817,"[1116635, 1020208, 993466, 925862, 13910089]"
1818,"[939681, 1041796, 906917, 832678, 1134736]"
1821,"[1106523, 1038985, 5568378, 829722, 1122358]"
1822,"[1106523, 1029743, 976199, 1062002, 844179]"
1823,"[9676851, 1070820, 1098844, 906611, 904815]"
1824,"[1106523, 899624, 916122, 844179, 1030318]"
1826,"[1029743, 929018, 5592931, 986912, 1131900]"
1829,"[819969, 8090537, 5569230, 872137, 914753]"
1831,"[13189861, 1098248, 893018, 1053016, 8090537]"
1832,"[1007240, 1061747, 1081533, 1131344, 996009]"
1833,"[1106523, 1070820, 1029743, 1126899, 916122]"
1835,"[1044259, 1024306, 883003, 988206, 916122]"
1837,"[965842, 835630, 1029743, 849549, 867262]"
1839,"[1106523, 1011141, 1101932, 887526, 991761]"
1841,"[1042571, 1046816, 910964, 866828, 1062572]"
1843,"[870165, 1038985, 1029743, 1058629, 1106523]"
1845,"[1072437, 1126899, 947427, 1132771, 1116297]"
1846,"[1114605, 824122, 1029743, 1106523, 1116635]"
1847,"[8019649, 929018, 1029743, 1070820, 908283]"
1848,"[1080982, 843206, 894439, 9527323, 1077133]"
1849,"[1029743, 1070820, 1040812, 1044078, 1056509]"
1850,"[872137, 880427, 1023196, 880150, 909714]"
1854,"[1046756, 855904, 15659908, 9245046, 957736]"
1856,"[1029743, 1070820, 1126899, 978077, 986912]"
1857,"[1029743, 1031316, 1037840, 8090521, 8090537]"
1858,"[8119101, 8160262, 1065061, 8293898, 1026118]"
1861,"[1029743, 6602697, 5568378, 1004906, 844179]"
1862,"[1062002, 5569230, 5569471, 8090537, 8090521]"
1864,"[1024306, 1065979, 965842, 1098248, 1115576]"
1865,"[1049892, 1070820, 935578, 833724, 902027]"
1867,"[5569471, 1126899, 5569230, 5569845, 909249]"
1868,"[1103808, 846823, 955914, 1116089, 1029743]"
1869,"[1070820, 1126899, 5577030, 916122, 913210]"
1871,"[1055425, 1081177, 966684, 5569471, 5569230]"
1872,"[7147784, 1024306, 12384779, 1108094, 860248]"
1873,"[962229, 1029743, 1106523, 1101010, 1004906]"
1877,"[1029743, 863447, 1122358, 848029, 8090521]"
1879,"[951590, 1101010, 1082185, 1029743, 971922]"
1880,"[1029743, 930385, 1106523, 1070820, 5568378]"
1881,"[1070845, 852360, 1110695, 959316, 954778]"
1883,"[1106523, 1093697, 825365, 929730, 1035676]"
1884,"[846823, 1029743, 1106523, 828055, 9297474]"
1885,"[1029743, 1106523, 6534035, 1075368, 834117]"
1886,"[1029743, 836286, 1065538, 1075368, 1106523]"
1887,"[1070820, 1055044, 1126899, 957232, 848029]"
1889,"[880427, 1037840, 944836, 7147783, 891505]"
1890,"[1126899, 862725, 1061982, 916122, 6039759]"
1891,"[1082185, 12782182, 1041799, 998549, 6602697]"
1892,"[1106523, 9245108, 1021116, 5568378, 899624]"
1895,"[847434, 879734, 1129049, 1029743, 883186]"
1896,"[1029743, 1075368, 1037840, 13381458, 1060408]"
1899,"[879504, 15972298, 1029743, 1070820, 957063]"
1900,"[898847, 13382310, 1132771, 904959, 940947]"
1901,"[1029743, 1106523, 1126899, 844179, 1018809]"
1904,"[1123842, 1034176, 1029743, 984140, 7139529]"
1906,"[1051468, 1106271, 1004906, 1053628, 916122]"
1907,"[1029743, 831223, 1112205, 5565784, 848319]"
1909,"[1029743, 1068719, 933067, 1106523, 916122]"
1911,"[1070820, 1117514, 6533936, 948670, 1021519]"
1912,"[1029743, 1106523, 1036486, 1040812, 933067]"
1914,"[894439, 892573, 1077133, 1089758, 5574377]"
1916,"[1106523, 965766, 976199, 916122, 1050851]"
1917,"[1029743, 1106523, 1134098, 1128206, 1004906]"
1918,"[1029743, 1043730, 1004596, 992730, 1020404]"
1919,"[1106523, 1026118, 1043357, 5569230, 880150]"
1920,"[1127831, 1070820, 1079941, 10456354, 1118306]"
1922,"[9803545, 1014054, 1040511, 1070820, 1126899]"
1923,"[965842, 856435, 833724, 1083446, 880427]"
1924,"[1029743, 1106523, 965530, 965772, 916122]"
1925,"[1106523, 1029743, 1075368, 1121193, 916122]"
1926,"[951094, 1062002, 976199, 916122, 922127]"
1927,"[895409, 994093, 1029743, 1106523, 1022254]"
1928,"[1070820, 916993, 983584, 859427, 1019078]"
1929,"[1106523, 1024306, 965766, 1021116, 902172]"
1930,"[1106523, 1029743, 1075368, 1122358, 1074223]"
1931,"[1106523, 1068719, 1038745, 1019247, 1038985]"
1932,"[1082185, 1029743, 5581464, 13213239, 885697]"
1935,"[978836, 1089843, 1068750, 998519, 10355376]"
1936,"[1029743, 1138443, 971922, 899624, 1033046]"
1937,"[1070820, 1093603, 957736, 999104, 833724]"
1939,"[896085, 853448, 981288, 1138443, 916122]"
1940,"[1026118, 950118, 836085, 971983, 854852]"
1941,"[1050851, 5592931, 916122, 831763, 1079987]"
1942,"[1106523, 6979049, 15830451, 824193, 937403]"
1943,"[1029743, 1106523, 1024051, 960421, 7152455]"
1944,"[1029743, 1106523, 1070820, 849578, 957736]"
1946,"[13417853, 1029743, 1070820, 916122, 1074362]"
1947,"[1126899, 993466, 957736, 1097635, 952408]"
1948,"[852163, 1126899, 916993, 6602590, 5592931]"
1949,"[1106523, 908843, 864335, 1048833, 5592931]"
1952,"[819308, 834117, 1098248, 1029743, 896613]"
1953,"[1050851, 986912, 916122, 970202, 870515]"
1954,"[1038745, 1026118, 1068292, 899624, 12302067]"
1955,"[1082185, 1106523, 1007414, 933729, 888835]"
1956,"[1070820, 9676852, 1126899, 867709, 864137]"
1957,"[9245108, 1029743, 1068719, 6551861, 964520]"
1958,"[857503, 1026118, 6034857, 1055504, 982755]"
1959,"[1135834, 896085, 5569230, 5569471, 913210]"
1960,"[1131382, 1070820, 944836, 12427353, 1119761]"
1961,"[1106523, 1126899, 893018, 1101589, 861494]"
1962,"[976199, 1112825, 991874, 1094924, 1065061]"
1963,"[971722, 1026209, 5569471, 1082990, 1120928]"
1964,"[1002771, 857176, 880150, 916122, 844179]"
1965,"[1029743, 1106523, 898466, 906838, 1126899]"
1966,"[1070820, 950271, 935767, 988277, 848319]"
1967,"[1029743, 1070820, 909750, 916993, 866211]"
1968,"[1029743, 1070845, 1082212, 1086119, 1095227]"
1969,"[1029743, 873964, 916122, 1044078, 1081177]"
1970,"[1029743, 7147145, 1072086, 1131344, 7147475]"
1971,"[1029743, 1070820, 946055, 899624, 1105917]"
1975,"[9835509, 916122, 976199, 1110244, 1029743]"
1976,"[1082990, 1106523, 1019637, 933835, 1106348]"
1979,"[1106523, 1029743, 5569230, 854852, 993466]"
1981,"[8203851, 1070820, 1126899, 857503, 845208]"
1982,"[1082185, 1070820, 1126899, 1071759, 16100266]"
1983,"[885290, 1029743, 860248, 866211, 5569230]"
1985,"[1106523, 847241, 944938, 985178, 837969]"
1987,"[1029743, 1106523, 1070820, 1126899, 1101010]"
1988,"[1106523, 965041, 8090537, 998328, 847207]"
1989,"[835098, 898847, 916122, 880150, 844179]"
1990,"[1029743, 1126899, 1024306, 856435, 1037332]"
1991,"[1044078, 1029743, 825365, 1106523, 832678]"
1993,"[862010, 901062, 933067, 916122, 1016800]"
1994,"[1070820, 1126899, 1086001, 5568378, 916122]"
1995,"[1029743, 1106523, 9396663, 916122, 8353115]"
1996,"[1126899, 1070820, 1099446, 5570467, 884089]"
1997,"[1073244, 1051468, 1126899, 976199, 1010051]"
1998,"[1068719, 5592931, 1029743, 1106523, 1070820]"
1999,"[1029743, 1105917, 1131344, 1106523, 5569327]"
2000,"[1029743, 1068719, 1050851, 5569172, 998119]"
2001,"[1083446, 1138443, 823099, 889509, 1070820]"
2003,"[857503, 867547, 12171656, 933835, 13213604]"
2004,"[7147783, 10180500, 9655212, 999104, 845462]"
2005,"[1029743, 1068719, 1013868, 896974, 999198]"
2006,"[1106523, 1029743, 1070820, 916993, 1041796]"
2007,"[1106523, 894401, 938687, 891516, 995598]"
2008,"[1126899, 936830, 893018, 1131382, 5569230]"
2010,"[851241, 857130, 880150, 826666, 916122]"
2011,"[1006184, 1011427, 846202, 1118479, 5565265]"
2012,"[1029743, 1106523, 892500, 821316, 916122]"
2014,"[1106523, 5592931, 916122, 1108131, 1072086]"
2015,"[9487885, 1029743, 9526628, 865528, 941910]"
2016,"[1106523, 853448, 1051516, 1075175, 933067]"
2017,"[1070820, 1126899, 1098248, 901062, 983584]"
2018,"[857130, 1082185, 1106523, 973979, 1122358]"
2019,"[1029743, 13213342, 9884698, 899624, 1056509]"
2020,"[1029743, 948832, 1068719, 6602697, 832513]"
2021,"[951590, 9835223, 1072494, 965009, 835578]"
2022,"[1082185, 1029743, 1098844, 15972565, 13073175]"
2023,"[1003699, 7443278, 1048352, 860248, 842499]"
2025,"[894570, 826666, 1029743, 940947, 913144]"
2026,"[916122, 12810393, 1062002, 931606, 866211]"
2027,"[1029743, 1006664, 1128163, 1088771, 1116635]"
2028,"[1029743, 1097661, 1006483, 8090509, 9833335]"
2029,"[892728, 938554, 1029743, 1091926, 913144]"
2030,"[1009361, 1029743, 955921, 971922, 1056509]"
2032,"[5569230, 1038985, 6534035, 1070820, 1002787]"
2034,"[1126899, 900802, 916122, 924352, 880427]"
2036,"[1051468, 1029743, 1126899, 9526274, 885290]"
2037,"[1029743, 835098, 839243, 965530, 901062]"
2038,"[858730, 1029743, 820321, 1068719, 12262992]"
2039,"[1082185, 1029743, 944139, 1021116, 1124695]"
2040,"[1029743, 1106523, 1126899, 916122, 996891]"
2041,"[917033, 1074333, 1008814, 863447, 9935616]"
2042,"[1131634, 901656, 1126899, 894401, 1029743]"
2043,"[940947, 1067695, 5581335, 5569230, 1024051]"
2047,"[1029743, 1106523, 1126899, 938596, 1092303]"
2048,"[6391137, 1106523, 942045, 871756, 857503]"
2049,"[915605, 976199, 1053016, 993466, 956672]"
2050,"[824176, 899624, 5569230, 8090537, 1051283]"
2055,"[1097661, 997309, 1097704, 958663, 987311]"
2056,"[1106523, 1029743, 948670, 844179, 8090537]"
2057,"[1070820, 913144, 893018, 8090537, 5569230]"
2058,"[14106445, 872137, 12731436, 1011926, 965842]"
2060,"[1029743, 6534077, 6534035, 9420334, 950202]"
2062,"[1029743, 1106523, 865456, 1031087, 1026118]"
2063,"[1051516, 1022254, 989409, 986912, 885290]"
2064,"[13095350, 13095399, 1037332, 1081177, 1006483]"
2065,"[1029743, 844179, 1037840, 940947, 12810393]"
2068,"[1070820, 956902, 880150, 835098, 13506200]"
2070,"[1029743, 933067, 882247, 12810391, 865456]"
2071,"[1068292, 843567, 922561, 845208, 5569230]"
2075,"[1029743, 1000856, 899624, 1004906, 949023]"
2076,"[1098844, 1126979, 880427, 13416117, 835098]"
2077,"[1117514, 832001, 1106523, 9526100, 841016]"
2080,"[1099905, 1106523, 1077600, 1013868, 952972]"
2082,"[1029743, 848319, 15926844, 1004906, 863447]"
2083,"[12384805, 851569, 6533681, 1070820, 869047]"
2084,"[1070820, 7409621, 7409554, 916993, 916122]"
2085,"[1029743, 1101010, 823704, 983584, 1082990]"
2086,"[1082185, 1029743, 1091528, 944137, 1081177]"
2087,"[1029743, 1137688, 976199, 1037332, 899624]"
2088,"[1029743, 1136657, 1050851, 902172, 1128016]"
2089,"[1029743, 1106523, 1126899, 5569230, 1070820]"
2090,"[1131506, 1032967, 922847, 1007259, 5576075]"
2094,"[1082185, 1006063, 1070820, 916993, 844179]"
2095,"[1106523, 1068719, 844179, 883003, 5569327]"
2099,"[1029743, 1106523, 1075368, 834117, 913210]"
2100,"[1106523, 1101010, 844179, 854852, 1041796]"
2101,"[883003, 5566382, 1081177, 5566735, 7167864]"
2102,"[1094562, 996009, 1135834, 926206, 9419198]"
2108,"[1029743, 1106523, 957232, 1081177, 896085]"
2109,"[1016377, 12301334, 937292, 15926887, 1041796]"
2110,"[8066803, 1106523, 1029743, 1024306, 882247]"
2111,"[1126899, 1051516, 847139, 997987, 1127716]"
2112,"[1029743, 1126899, 9245106, 1037863, 965530]"
2114,"[1131900, 12731683, 885290, 898847, 986912]"
2115,"[1070820, 819927, 909249, 1102003, 1069609]"
2116,"[1029743, 1070820, 1045826, 976199, 916993]"
2119,"[8292958, 1029743, 965766, 916122, 1092502]"
2120,"[901062, 857503, 863447, 908318, 940947]"
2121,"[976199, 1006483, 872137, 1081177, 5569230]"
2122,"[1113687, 901062, 1081435, 1081177, 1029743]"
2123,"[1029743, 1076199, 957232, 889223, 5569595]"
2124,"[1106523, 880427, 1126899, 1096563, 8090521]"
2125,"[997309, 1029743, 5581910, 976199, 857503]"
2126,"[976199, 1098844, 1104343, 13944858, 6034857]"
2129,"[1029743, 1004906, 1050851, 1081177, 1024051]"
2130,"[1082185, 1106523, 976199, 899624, 5569230]"
2131,"[1029743, 965766, 5569471, 5569230, 1138443]"
2132,"[990797, 832678, 1115175, 1046562, 842249]"
2133,"[1068957, 992786, 1126899, 1019247, 1053730]"
2134,"[1098844, 1106523, 1051468, 1019247, 865705]"
2136,"[860248, 1046919, 12810393, 916758, 938300]"
2137,"[910673, 13115579, 909714, 1127758, 12302069]"
2138,"[1029743, 1070820, 1075368, 1015280, 916122]"
2139,"[1029743, 1135834, 1065061, 1101932, 844179]"
2141,"[1070820, 983753, 924596, 957444, 1014116]"
2142,"[1029743, 923169, 936470, 13512017, 9297474]"
2145,"[6391080, 6534030, 5569374, 978906, 943362]"
2147,"[1106523, 848319, 880427, 933835, 1013389]"
2148,"[1111732, 1101010, 1106523, 15571171, 1004390]"
2149,"[1082185, 1106523, 13416117, 942565, 994978]"
2153,"[1029743, 13841744, 5592931, 1058709, 1108940]"
2154,"[1014054, 1106523, 1101010, 13007518, 838186]"
2156,"[1029743, 1122358, 943169, 1054262, 916122]"
2158,"[1116770, 986912, 1116596, 5564906, 880150]"
2159,"[1038745, 1044590, 926959, 1106523, 888543]"
2160,"[12262978, 1029743, 7169089, 1106523, 956672]"
2161,"[976214, 16729299, 951176, 944836, 957839]"
2162,"[862915, 1029743, 1005576, 1076199, 847241]"
2163,"[1016274, 956745, 1029743, 1106523, 1070820]"
2168,"[1119830, 1070105, 865456, 899624, 5568378]"
2170,"[1029743, 1018943, 5585510, 1013928, 906335]"
2171,"[1026056, 6979806, 10121616, 6602270, 965766]"
2172,"[1029743, 1070820, 1104343, 5569230, 916758]"
2173,"[951590, 899624, 1062002, 844179, 13841744]"
2174,"[1029743, 1106523, 1070820, 1126899, 1096635]"
2175,"[823990, 1029743, 1081177, 1106523, 1119761]"
2179,"[880427, 883186, 1118264, 1051516, 1135468]"
2181,"[1070820, 1106523, 1029743, 1126899, 1104343]"
2182,"[5568802, 1029743, 1106523, 892500, 946839]"
2183,"[1029743, 1123137, 909268, 1090676, 5569471]"
2184,"[1106523, 1056509, 988508, 1081177, 893018]"
2185,"[879699, 972665, 862725, 5569376, 1100972]"
2186,"[1106523, 1075368, 1101010, 916758, 1004906]"
2188,"[1101010, 957232, 1106523, 12262992, 996114]"
2189,"[1082185, 1029743, 12523928, 1062002, 5569230]"
2190,"[1106523, 1133462, 12946027, 5569471, 5569230]"
2193,"[1070820, 979707, 889989, 1005274, 999104]"
2194,"[853448, 9396688, 1042571, 843111, 1121720]"
2195,"[1101706, 1000237, 1062002, 1126899, 1011926]"
2196,"[1029743, 986912, 848029, 1096635, 999104]"
2197,"[820923, 7168026, 1003616, 916122, 830202]"
2198,"[892573, 15716671, 865026, 9835619, 1013928]"
2199,"[1029743, 1070820, 1126899, 916993, 934172]"
2200,"[6773232, 1029743, 1106523, 823704, 8091550]"
2204,"[1029743, 916122, 844179, 1004906, 1044078]"
2206,"[1029743, 1106523, 981660, 1070820, 999104]"
2207,"[911311, 986912, 965766, 6602697, 885290]"
2208,"[1106523, 1006184, 1128206, 832678, 899624]"
2209,"[1029743, 1070820, 885290, 899459, 952972]"
2211,"[1070820, 1126899, 1076889, 1006483, 944836]"
2213,"[1106523, 1126899, 1070820, 1049735, 991886]"
2214,"[1029743, 1082212, 1106523, 1075368, 1070820]"
2215,"[819840, 1112205, 1106523, 857130, 1075368]"
2217,"[1070820, 1004906, 916122, 8090521, 880150]"
2221,"[846202, 7410321, 7410320, 1070820, 956284]"
2222,"[5569230, 1101010, 1075368, 924967, 917033]"
2223,"[1029743, 890695, 1066251, 912860, 914318]"
2224,"[829621, 1029743, 846202, 1100273, 1051882]"
2225,"[1070820, 1126899, 991874, 834158, 1051468]"
2229,"[1070820, 880427, 916122, 1136719, 1127716]"
2231,"[1070820, 1126899, 1082212, 944836, 1122358]"
2233,"[1046756, 1114218, 9835509, 1081177, 848319]"
2234,"[1104343, 1121694, 1122255, 984315, 934087]"
2235,"[857130, 976199, 1121694, 5569230, 13095289]"
2237,"[1126899, 976199, 934427, 1051626, 985893]"
2238,"[971983, 1029743, 851146, 918746, 6391080]"
2240,"[1029743, 1106523, 5568378, 916122, 1044188]"
2241,"[1029743, 901062, 1021116, 893018, 1124695]"
2243,"[971922, 8119302, 994577, 959316, 1029743]"
2244,"[1029743, 1106523, 1108131, 5568378, 5569327]"
2245,"[6423786, 942189, 1123254, 862318, 952972]"
2247,"[1106523, 841236, 872137, 6602643, 866211]"
2248,"[1126899, 1020404, 893018, 912280, 999104]"
2250,"[1029743, 983584, 5569471, 5568378, 8090521]"
2252,"[7410289, 1029743, 1056509, 976199, 1139066]"
2256,"[857503, 976199, 888543, 6534030, 940806]"
2257,"[1029743, 1104349, 1106523, 925862, 1068719]"
2260,"[1029743, 934399, 5568758, 1102416, 951197]"
2261,"[1106523, 975085, 870547, 1025326, 916122]"
2262,"[6773232, 893018, 1019247, 1122358, 10456164]"
2263,"[1029743, 976199, 5592931, 6602697, 986912]"
2264,"[1126899, 995965, 916122, 1024306, 10457044]"
2266,"[10306692, 6602697, 880427, 12946027, 1026118]"
2267,"[13512739, 16734419, 1126899, 1071759, 1091901]"
2269,"[899624, 823704, 844179, 916122, 878996]"
2270,"[1004906, 916122, 1044078, 8090537, 1050851]"
2272,"[15596112, 920191, 1040807, 827656, 840227]"
2274,"[839208, 1131321, 1106523, 863762, 1065167]"
2275,"[1040579, 1134483, 1126085, 9245106, 916122]"
2276,"[944486, 1129610, 911311, 967144, 1127758]"
2277,"[1106523, 985893, 947798, 971922, 1075368]"
2278,"[1070820, 1123137, 1024319, 925862, 1004436]"
2279,"[819308, 849697, 955921, 8090537, 5569471]"
2280,"[1093603, 856252, 1070820, 1071746, 1077600]"
2281,"[13417761, 13213082, 15860306, 1126899, 15596709]"
2282,"[10457590, 1070820, 833724, 1098248, 896085]"
2283,"[1106523, 827578, 1070820, 1126899, 825703]"
2284,"[1044259, 1029743, 1106523, 916122, 1070820]"
2285,"[991874, 9297570, 857503, 13213604, 7441303]"
2287,"[13008065, 971922, 1027168, 1024306, 1029743]"
2288,"[1070820, 1126899, 1122358, 5569230, 986912]"
2289,"[1029743, 984680, 1048046, 914318, 15971546]"
2290,"[1029743, 825365, 1132789, 883003, 1037840]"
2291,"[12523928, 962588, 1029743, 1106523, 5568378]"
2292,"[15926844, 1043534, 1029743, 12696250, 865456]"
2294,"[1082185, 1029743, 1106523, 1126899, 1075368]"
2295,"[1106523, 849886, 1056509, 976199, 916122]"
2296,"[15860306, 1029743, 1016709, 1068719, 1004906]"
2297,"[1029743, 1106523, 1127758, 878996, 835098]"
2298,"[1106523, 856252, 821741, 6602697, 1106894]"
2299,"[1091858, 6602697, 834491, 1079987, 1062002]"
2300,"[1029743, 885290, 999104, 12301100, 10344585]"
2301,"[1029743, 1002787, 5569230, 916122, 13158064]"
2302,"[1029743, 862671, 862335, 823704, 1102416]"
2303,"[1029743, 869388, 971922, 5569230, 12810393]"
2305,"[1029743, 1064213, 1069039, 9835509, 1096261]"
2307,"[1060240, 1138443, 883003, 927382, 1016210]"
2310,"[965766, 885290, 1046638, 1081262, 5568378]"
2312,"[1070820, 874149, 1067489, 916122, 6034857]"
2314,"[1126899, 1070845, 906183, 1048257, 916993]"
2317,"[1082185, 1029743, 1138443, 1070820, 916122]"
2319,"[1029743, 1037840, 922127, 5569230, 883932]"
2322,"[1044259, 1082185, 976293, 856345, 13417954]"
2323,"[9832514, 5565322, 1029743, 1000237, 1106523]"
2324,"[1029743, 865907, 1046562, 909714, 938118]"
2328,"[994577, 1027849, 965555, 1136657, 882247]"
2330,"[830526, 1053988, 13512004, 1106523, 1029743]"
2331,"[925364, 1029743, 937791, 856252, 890695]"
2333,"[901062, 1029743, 1106523, 866211, 1081177]"
2334,"[1029743, 906335, 990762, 1119112, 892573]"
2335,"[1029743, 899624, 1008288, 973016, 929018]"
2336,"[1029743, 1106523, 1126899, 954065, 844179]"
2337,"[1064213, 878996, 1106523, 1121360, 899624]"
2338,"[1106523, 9676938, 890695, 986912, 1070727]"
2339,"[1029743, 1106523, 940947, 1081177, 1126899]"
2340,"[1106523, 982211, 1095587, 8090521, 999779]"
2341,"[1106523, 5568378, 899624, 5569471, 8090521]"
2342,"[1029743, 1004906, 12810391, 1117514, 5569230]"
2343,"[917646, 1029743, 1106523, 911518, 1118963]"
2344,"[839438, 1132771, 857016, 1056509, 6534035]"
2345,"[1029743, 1106523, 5568378, 5569230, 8090521]"
2347,"[1029743, 1117514, 1056509, 1015280, 1122358]"
2349,"[1070820, 836085, 893830, 942166, 1004001]"
2350,"[1029743, 960318, 899624, 905636, 965772]"
2351,"[1029743, 12810391, 12484491, 935646, 12487816]"
2352,"[9676938, 991205, 5569230, 903065, 909714]"
2354,"[8019649, 1126899, 901656, 916122, 944836]"
2359,"[1106523, 965766, 948239, 1044078, 5569230]"
2360,"[1029743, 1070820, 909714, 933067, 883003]"
2361,"[1126899, 898121, 1100972, 1053329, 1004906]"
2363,"[1024306, 1006664, 1070820, 944137, 1053530]"
2364,"[12353780, 1869549, 1132771, 1126899, 1106523]"
2366,"[929231, 948670, 934427, 1004906, 913210]"
2368,"[1029743, 1024306, 1126899, 12171656, 1056509]"
2369,"[1029743, 1070820, 879373, 1069522, 1040807]"
2370,"[1070820, 901062, 916122, 825365, 907099]"
2372,"[1029743, 1070820, 1051283, 12456867, 1037840]"
2374,"[1070820, 976199, 6904459, 901062, 865456]"
2375,"[1106523, 899624, 883932, 847962, 15926887]"
2376,"[1029743, 1126899, 844179, 1056509, 12301109]"
2377,"[1029272, 1055168, 1093490, 880895, 962671]"
2378,"[845462, 12263463, 1029743, 9527323, 5564634]"
2379,"[1101706, 6633210, 7139529, 1018769, 1126899]"
2380,"[1029743, 1122358, 8069336, 848319, 12757316]"
2381,"[890695, 916122, 9245106, 1021519, 1009187]"
2385,"[1106523, 1029743, 1068719, 1056509, 6423786]"
2386,"[976199, 1037840, 1009187, 1070820, 916122]"
2387,"[848029, 1029743, 940947, 12517450, 1114605]"
2389,"[1029743, 937736, 1022254, 893018, 914318]"
2392,"[1068719, 1099905, 1106523, 965766, 13003092]"
2393,"[976199, 7409929, 847207, 1024032, 5568249]"
2394,"[986727, 1117514, 15625746, 877770, 8118590]"
2395,"[1106523, 1029743, 12301100, 1037840, 5568378]"
2399,"[1081177, 1029743, 1106523, 9835619, 940947]"
2400,"[1106523, 957232, 916122, 958233, 896085]"
2401,"[1029743, 848029, 1106523, 878996, 819840]"
2404,"[1029743, 1106523, 1126899, 834117, 1070820]"
2405,"[6602697, 1029743, 5568378, 859427, 1000237]"
2406,"[1126899, 896085, 1075368, 1006184, 5569230]"
2407,"[1082185, 1029743, 1108131, 1038443, 928123]"
2408,"[1138443, 12171656, 1029743, 908318, 5569471]"
2410,"[1106523, 1029743, 1070820, 1037840, 951071]"
2412,"[1106523, 13841744, 992933, 1011303, 899624]"
2416,"[955854, 1044637, 1098844, 1029743, 1126899]"
2418,"[1029743, 9245108, 1093490, 1036347, 1056509]"
2420,"[1106523, 1029743, 13002975, 1068719, 1004906]"
2421,"[934369, 1138443, 883003, 1029743, 1040807]"
2424,"[1029743, 936830, 933794, 916993, 821845]"
2425,"[1029743, 1070820, 1046816, 1028891, 906838]"
2426,"[1016421, 958208, 14025389, 1029743, 1058404]"
2427,"[856252, 5570830, 890344, 1034955, 1053016]"
2431,"[1131344, 848029, 965009, 5568411, 1127758]"
2434,"[1131344, 12731432, 1106523, 907631, 845163]"
2435,"[862671, 828489, 1029743, 10198378, 899624]"
2437,"[1029743, 1070820, 933835, 920112, 823576]"
2438,"[1106523, 1029743, 1076842, 9297574, 880427]"
2440,"[1106523, 835296, 1068292, 8203851, 965766]"
2441,"[1029743, 948670, 898121, 819487, 1021519]"
2442,"[860248, 1029743, 1106523, 1009187, 5592931]"
2445,"[1029743, 976199, 856818, 933835, 893018]"
2446,"[1098668, 1044259, 938118, 1126899, 916993]"
2447,"[15596607, 944137, 883186, 877539, 1124520]"
2448,"[1106523, 1004906, 5568378, 835098, 5568964]"
2449,"[1106523, 1029743, 1126899, 979707, 999391]"
2450,"[8293440, 12757280, 1070820, 9856740, 12757065]"
2451,"[1121360, 837569, 1126899, 13003101, 854754]"
2452,"[1106523, 5568378, 992933, 969568, 1074333]"
2453,"[1070820, 6391381, 976199, 1026118, 12525270]"
2455,"[1029743, 1106523, 5592931, 849202, 1102416]"
2456,"[1126899, 916758, 1065979, 844179, 6514160]"
2457,"[1106523, 901062, 1138443, 1104343, 976199]"
2458,"[5568817, 1041796, 5568535, 1126899, 1013167]"
2459,"[1029743, 1070820, 9676938, 918638, 931255]"
2460,"[878715, 6551861, 1014981, 907631, 944486]"
2461,"[1022254, 976199, 854405, 857503, 839419]"
2462,"[1029743, 979707, 1033142, 1070845, 883003]"
2464,"[1029743, 1106523, 1070820, 1082212, 1126899]"
2465,"[986912, 856252, 874563, 882604, 844179]"
2466,"[1029743, 1106523, 1068719, 1006184, 984680]"
2467,"[1126899, 921836, 1069863, 1118235, 1083446]"
2470,"[819840, 6391381, 1017799, 961021, 1120928]"
2471,"[1104343, 1062002, 13008321, 883940, 1069582]"
2472,"[1082185, 1029743, 1122358, 963365, 942045]"
2475,"[839208, 1126899, 1070820, 980943, 5578856]"
2477,"[845208, 1126899, 1096563, 6039759, 5569230]"
2478,"[1125391, 956284, 996009, 954424, 979707]"
2479,"[1039672, 9835509, 1106523, 13008321, 916122]"
2481,"[932109, 1029743, 1056509, 8090537, 899624]"
2482,"[8019649, 1106523, 1029743, 899624, 832678]"
2483,"[948832, 1131625, 1029743, 6533936, 1106523]"
2484,"[1029743, 873964, 878715, 1108094, 1127758]"
2485,"[1134483, 1083446, 9858847, 9655696, 1097382]"
2486,"[9245106, 1029743, 1106523, 8090521, 12949590]"
2488,"[971957, 13213475, 906838, 972665, 9445671]"
2489,"[9338009, 1088910, 1029743, 892500, 1056185]"
2492,"[1106523, 993592, 1126899, 929231, 1060408]"
2494,"[1070820, 13512004, 5569471, 1033769, 5569374]"
2496,"[995876, 933835, 1106523, 1056509, 1041796]"
2497,"[1082185, 1135834, 870515, 1029743, 1102207]"
2498,"[1022066, 1106523, 1070820, 1126899, 901776]"
2499,"[1060872, 6904613, 1070820, 5569327, 5568378]"
2500,"[8292958, 1126899, 10204556, 1065538, 6534030]"
